session_id,azimuth_deg,distance_m,height_m,original_bearing_deg,has_position,session,maneuver_type,n_drones,split,radius_m,speed_mps,duration_s,wav_ch0,wav_ch1,wav_ch2
seg_005_hover_val,,,,,False,show_2,hover,1,val,,,60.0,seg_005_hover_val_ch0.wav,seg_005_hover_val_ch1.wav,seg_005_hover_val_ch2.wav
seg_006_hover_val,,,,,False,show_2,hover,1,val,,,60.0,seg_006_hover_val_ch0.wav,seg_006_hover_val_ch1.wav,seg_006_hover_val_ch2.wav
seg_007_transit_train,,,,,False,show_2,transit,1,train,,4.0,30.0,seg_007_transit_train_ch0.wav,seg_007_transit_train_ch1.wav,seg_007_transit_train_ch2.wav
seg_008_transit_train,,,,,False,show_2,transit,1,train,,8.0,15.0,seg_008_transit_train_ch0.wav,seg_008_transit_train_ch1.wav,seg_008_transit_train_ch2.wav
seg_010_diagonal_train,,,,,False,show_2,diagonal,1,train,,4.0,66.0,seg_010_diagonal_train_ch0.wav,seg_010_diagonal_train_ch1.wav,seg_010_diagonal_train_ch2.wav
seg_011_diagonal_train,,,,,False,show_2,diagonal,1,train,,8.0,33.0,seg_011_diagonal_train_ch0.wav,seg_011_diagonal_train_ch1.wav,seg_011_diagonal_train_ch2.wav
seg_036_circle_test,-90.0,2.5,20.0,180.0,True,show_14,circle,5,test,10.0,4.0,8.0,seg_036_circle_test_ch0.wav,seg_036_circle_test_ch1.wav,seg_036_circle_test_ch2.wav
seg_037_circle_test,-90.0,2.5,20.0,180.0,True,show_14,circle,5,test,30.0,4.0,47.0,seg_037_circle_test_ch0.wav,seg_037_circle_test_ch1.wav,seg_037_circle_test_ch2.wav
seg_038_circle_test,-90.0,2.5,20.0,180.0,True,show_14,circle,5,test,60.0,4.0,188.0,seg_038_circle_test_ch0.wav,seg_038_circle_test_ch1.wav,seg_038_circle_test_ch2.wav
