path,rel_path,filename,stem,extension,folder_l1,folder_l2,depth,size_bytes,size_kb,size_mb,mtime,file_type,is_hidden,md5_prefix
/home/tildai/Desktop/Development/drone-detection-api/deployment/v2/dunakeszi_data/audit/dunakeszi_audit_ws/Dunakeszi_BRUEL_VIDEO/_index.json,Dunakeszi_BRUEL_VIDEO/_index.json,_index.json,_index,.json,Dunakeszi_BRUEL_VIDEO,,1,6120,5.9765625,0.00583648681640625,2026-03-25T22:51:15.193781,data,False,483243ceaf84
/home/tildai/Desktop/Development/drone-detection-api/deployment/v2/dunakeszi_data/audit/dunakeszi_audit_ws/Dunakeszi_DRON-ADATOK/192KHZ_MULTIWAV_AUDIO_12X_BRUEL4053/251020VITEMOROM1AT01I.wav,Dunakeszi_DRON-ADATOK/192KHZ_MULTIWAV_AUDIO_12X_BRUEL4053/251020VITEMOROM1AT01I.wav,251020VITEMOROM1AT01I.wav,251020VITEMOROM1AT01I,.wav,Dunakeszi_DRON-ADATOK,192KHZ_MULTIWAV_AUDIO_12X_BRUEL4053,2,4298118144,4197381.0,4099.0048828125,2026-03-23T21:10:33.287948,audio,False,f4fc3c29c5ec
/home/tildai/Desktop/Development/drone-detection-api/deployment/v2/dunakeszi_data/audit/dunakeszi_audit_ws/Dunakeszi_DRON-ADATOK/192KHZ_MULTIWAV_AUDIO_12X_BRUEL4053/251020VITEMOROM1AT01J.wav,Dunakeszi_DRON-ADATOK/192KHZ_MULTIWAV_AUDIO_12X_BRUEL4053/251020VITEMOROM1AT01J.wav,251020VITEMOROM1AT01J.wav,251020VITEMOROM1AT01J,.wav,Dunakeszi_DRON-ADATOK,192KHZ_MULTIWAV_AUDIO_12X_BRUEL4053,2,4298118144,4197381.0,4099.0048828125,2026-03-23T22:34:28.321790,audio,False,1d850a049c63
/home/tildai/Desktop/Development/drone-detection-api/deployment/v2/dunakeszi_data/audit/dunakeszi_audit_ws/Dunakeszi_DRON-ADATOK/20251020-001/messages.log,Dunakeszi_DRON-ADATOK/20251020-001/messages.log,messages.log,messages,.log,Dunakeszi_DRON-ADATOK,20251020-001,2,29511,28.8193359375,0.028143882751464844,2026-03-22T23:21:58.771591,text,False,5eb6196dea45
/home/tildai/Desktop/Development/drone-detection-api/deployment/v2/dunakeszi_data/audit/dunakeszi_audit_ws/Dunakeszi_DRON-ADATOK/20251020-001/primary.cfg,Dunakeszi_DRON-ADATOK/20251020-001/primary.cfg,primary.cfg,primary,.cfg,Dunakeszi_DRON-ADATOK,20251020-001,2,75549,73.7783203125,0.07204914093017578,2026-03-22T23:21:58.803899,other,False,758bad8df88e
/home/tildai/Desktop/Development/drone-detection-api/deployment/v2/dunakeszi_data/audit/dunakeszi_audit_ws/Dunakeszi_DRON-ADATOK/20251020-001/secondary.cfg,Dunakeszi_DRON-ADATOK/20251020-001/secondary.cfg,secondary.cfg,secondary,.cfg,Dunakeszi_DRON-ADATOK,20251020-001,2,5556,5.42578125,0.005298614501953125,2026-03-22T23:21:58.838567,other,False,ea7fd9f4dca0
/home/tildai/Desktop/Development/drone-detection-api/deployment/v2/dunakeszi_data/audit/dunakeszi_audit_ws/Dunakeszi_DRON-ADATOK/20251020-002/messages.log,Dunakeszi_DRON-ADATOK/20251020-002/messages.log,messages.log,messages,.log,Dunakeszi_DRON-ADATOK,20251020-002,2,503540,491.73828125,0.4802131652832031,2026-03-22T23:21:58.889899,text,False,6ce1079e8cef
/home/tildai/Desktop/Development/drone-detection-api/deployment/v2/dunakeszi_data/audit/dunakeszi_audit_ws/Dunakeszi_DRON-ADATOK/20251020-002/primary.cfg,Dunakeszi_DRON-ADATOK/20251020-002/primary.cfg,primary.cfg,primary,.cfg,Dunakeszi_DRON-ADATOK,20251020-002,2,75549,73.7783203125,0.07204914093017578,2026-03-22T23:21:58.924899,other,False,758bad8df88e
/home/tildai/Desktop/Development/drone-detection-api/deployment/v2/dunakeszi_data/audit/dunakeszi_audit_ws/Dunakeszi_DRON-ADATOK/20251020-002/secondary.cfg,Dunakeszi_DRON-ADATOK/20251020-002/secondary.cfg,secondary.cfg,secondary,.cfg,Dunakeszi_DRON-ADATOK,20251020-002,2,5554,5.423828125,0.0052967071533203125,2026-03-22T23:21:58.957792,other,False,0c8f471923d3
/home/tildai/Desktop/Development/drone-detection-api/deployment/v2/dunakeszi_data/audit/dunakeszi_audit_ws/Dunakeszi_DRON-ADATOK/20251020-003/messages.log,Dunakeszi_DRON-ADATOK/20251020-003/messages.log,messages.log,messages,.log,Dunakeszi_DRON-ADATOK,20251020-003,2,1321681,1290.7041015625,1.260453224182129,2026-03-22T23:21:59.067899,text,False,b02f08019870
/home/tildai/Desktop/Development/drone-detection-api/deployment/v2/dunakeszi_data/audit/dunakeszi_audit_ws/Dunakeszi_DRON-ADATOK/20251020-003/primary.cfg,Dunakeszi_DRON-ADATOK/20251020-003/primary.cfg,primary.cfg,primary,.cfg,Dunakeszi_DRON-ADATOK,20251020-003,2,75549,73.7783203125,0.07204914093017578,2026-03-22T23:21:59.116899,other,False,758bad8df88e
/home/tildai/Desktop/Development/drone-detection-api/deployment/v2/dunakeszi_data/audit/dunakeszi_audit_ws/Dunakeszi_DRON-ADATOK/20251020-003/secondary.cfg,Dunakeszi_DRON-ADATOK/20251020-003/secondary.cfg,secondary.cfg,secondary,.cfg,Dunakeszi_DRON-ADATOK,20251020-003,2,5554,5.423828125,0.0052967071533203125,2026-03-22T23:21:59.155427,other,False,5ef4fb93458d
/home/tildai/Desktop/Development/drone-detection-api/deployment/v2/dunakeszi_data/audit/dunakeszi_audit_ws/Dunakeszi_DRON-ADATOK/20251020-004/messages.log,Dunakeszi_DRON-ADATOK/20251020-004/messages.log,messages.log,messages,.log,Dunakeszi_DRON-ADATOK,20251020-004,2,1534663,1498.6943359375,1.4635686874389648,2026-03-22T23:21:59.273899,text,False,9dab253d8ac0
/home/tildai/Desktop/Development/drone-detection-api/deployment/v2/dunakeszi_data/audit/dunakeszi_audit_ws/Dunakeszi_DRON-ADATOK/20251020-004/primary.cfg,Dunakeszi_DRON-ADATOK/20251020-004/primary.cfg,primary.cfg,primary,.cfg,Dunakeszi_DRON-ADATOK,20251020-004,2,75549,73.7783203125,0.07204914093017578,2026-03-22T23:21:59.319899,other,False,758bad8df88e
/home/tildai/Desktop/Development/drone-detection-api/deployment/v2/dunakeszi_data/audit/dunakeszi_audit_ws/Dunakeszi_DRON-ADATOK/20251020-004/secondary.cfg,Dunakeszi_DRON-ADATOK/20251020-004/secondary.cfg,secondary.cfg,secondary,.cfg,Dunakeszi_DRON-ADATOK,20251020-004,2,5554,5.423828125,0.0052967071533203125,2026-03-22T23:21:59.352899,other,False,fd5f816e8f53
/home/tildai/Desktop/Development/drone-detection-api/deployment/v2/dunakeszi_data/audit/dunakeszi_audit_ws/Dunakeszi_DRON-ADATOK/20251020-005/messages.log,Dunakeszi_DRON-ADATOK/20251020-005/messages.log,messages.log,messages,.log,Dunakeszi_DRON-ADATOK,20251020-005,2,2151270,2100.849609375,2.0516109466552734,2026-03-22T23:21:59.472899,text,False,2dee23ba7a07
/home/tildai/Desktop/Development/drone-detection-api/deployment/v2/dunakeszi_data/audit/dunakeszi_audit_ws/Dunakeszi_DRON-ADATOK/20251020-005/primary.cfg,Dunakeszi_DRON-ADATOK/20251020-005/primary.cfg,primary.cfg,primary,.cfg,Dunakeszi_DRON-ADATOK,20251020-005,2,75549,73.7783203125,0.07204914093017578,2026-03-22T23:21:59.509899,other,False,758bad8df88e
/home/tildai/Desktop/Development/drone-detection-api/deployment/v2/dunakeszi_data/audit/dunakeszi_audit_ws/Dunakeszi_DRON-ADATOK/20251020-005/secondary.cfg,Dunakeszi_DRON-ADATOK/20251020-005/secondary.cfg,secondary.cfg,secondary,.cfg,Dunakeszi_DRON-ADATOK,20251020-005,2,5554,5.423828125,0.0052967071533203125,2026-03-22T23:21:59.543837,other,False,82ff800685e7
/home/tildai/Desktop/Development/drone-detection-api/deployment/v2/dunakeszi_data/audit/dunakeszi_audit_ws/Dunakeszi_DRON-ADATOK/20251020-006/messages.log,Dunakeszi_DRON-ADATOK/20251020-006/messages.log,messages.log,messages,.log,Dunakeszi_DRON-ADATOK,20251020-006,2,4022471,3928.1943359375,3.836127281188965,2026-03-22T23:21:59.817899,text,False,63cca39796d8
/home/tildai/Desktop/Development/drone-detection-api/deployment/v2/dunakeszi_data/audit/dunakeszi_audit_ws/Dunakeszi_DRON-ADATOK/20251020-006/primary.cfg,Dunakeszi_DRON-ADATOK/20251020-006/primary.cfg,primary.cfg,primary,.cfg,Dunakeszi_DRON-ADATOK,20251020-006,2,75549,73.7783203125,0.07204914093017578,2026-03-22T23:21:59.857186,other,False,758bad8df88e
/home/tildai/Desktop/Development/drone-detection-api/deployment/v2/dunakeszi_data/audit/dunakeszi_audit_ws/Dunakeszi_DRON-ADATOK/20251020-006/secondary.cfg,Dunakeszi_DRON-ADATOK/20251020-006/secondary.cfg,secondary.cfg,secondary,.cfg,Dunakeszi_DRON-ADATOK,20251020-006,2,5554,5.423828125,0.0052967071533203125,2026-03-22T23:21:59.890899,other,False,8edc8eb877a1
/home/tildai/Desktop/Development/drone-detection-api/deployment/v2/dunakeszi_data/audit/dunakeszi_audit_ws/Dunakeszi_DRON-ADATOK/20251020-007/messages.log,Dunakeszi_DRON-ADATOK/20251020-007/messages.log,messages.log,messages,.log,Dunakeszi_DRON-ADATOK,20251020-007,2,18987,18.5419921875,0.01810741424560547,2026-03-22T23:21:59.934899,text,False,79e43d6f2a56
/home/tildai/Desktop/Development/drone-detection-api/deployment/v2/dunakeszi_data/audit/dunakeszi_audit_ws/Dunakeszi_DRON-ADATOK/20251020-007/primary.cfg,Dunakeszi_DRON-ADATOK/20251020-007/primary.cfg,primary.cfg,primary,.cfg,Dunakeszi_DRON-ADATOK,20251020-007,2,75549,73.7783203125,0.07204914093017578,2026-03-22T23:22:00.030899,other,False,758bad8df88e
/home/tildai/Desktop/Development/drone-detection-api/deployment/v2/dunakeszi_data/audit/dunakeszi_audit_ws/Dunakeszi_DRON-ADATOK/20251020-007/secondary.cfg,Dunakeszi_DRON-ADATOK/20251020-007/secondary.cfg,secondary.cfg,secondary,.cfg,Dunakeszi_DRON-ADATOK,20251020-007,2,5554,5.423828125,0.0052967071533203125,2026-03-22T23:22:00.083890,other,False,8edc8eb877a1
/home/tildai/Desktop/Development/drone-detection-api/deployment/v2/dunakeszi_data/audit/dunakeszi_audit_ws/Dunakeszi_DRON-ADATOK/SHOW_Skybrush/Skybrush Viewer 2.7.0.exe,Dunakeszi_DRON-ADATOK/SHOW_Skybrush/Skybrush Viewer 2.7.0.exe,Skybrush Viewer 2.7.0.exe,Skybrush Viewer 2.7.0,.exe,Dunakeszi_DRON-ADATOK,SHOW_Skybrush,2,81269768,79365.0078125,77.50489044189453,2026-03-22T23:22:05.383899,other,False,84cf0b5e05eb
/home/tildai/Desktop/Development/drone-detection-api/deployment/v2/dunakeszi_data/audit/dunakeszi_audit_ws/Dunakeszi_DRON-ADATOK/SHOW_Skybrush/show_1.skyc,Dunakeszi_DRON-ADATOK/SHOW_Skybrush/show_1.skyc,show_1.skyc,show_1,.skyc,Dunakeszi_DRON-ADATOK,SHOW_Skybrush,2,1819,1.7763671875,0.0017347335815429688,2026-03-22T23:22:05.420387,other,False,f4ea1a3c2817
/home/tildai/Desktop/Development/drone-detection-api/deployment/v2/dunakeszi_data/audit/dunakeszi_audit_ws/Dunakeszi_DRON-ADATOK/SHOW_Skybrush/show_11.skyc,Dunakeszi_DRON-ADATOK/SHOW_Skybrush/show_11.skyc,show_11.skyc,show_11,.skyc,Dunakeszi_DRON-ADATOK,SHOW_Skybrush,2,30612,29.89453125,0.029193878173828125,2026-03-22T23:22:05.452899,other,False,9c56c13341d9
/home/tildai/Desktop/Development/drone-detection-api/deployment/v2/dunakeszi_data/audit/dunakeszi_audit_ws/Dunakeszi_DRON-ADATOK/SHOW_Skybrush/show_12.skyc,Dunakeszi_DRON-ADATOK/SHOW_Skybrush/show_12.skyc,show_12.skyc,show_12,.skyc,Dunakeszi_DRON-ADATOK,SHOW_Skybrush,2,45384,44.3203125,0.04328155517578125,2026-03-22T23:22:05.492641,other,False,f19f6f22636b
/home/tildai/Desktop/Development/drone-detection-api/deployment/v2/dunakeszi_data/audit/dunakeszi_audit_ws/Dunakeszi_DRON-ADATOK/SHOW_Skybrush/show_13.skyc,Dunakeszi_DRON-ADATOK/SHOW_Skybrush/show_13.skyc,show_13.skyc,show_13,.skyc,Dunakeszi_DRON-ADATOK,SHOW_Skybrush,2,60271,58.8583984375,0.057478904724121094,2026-03-22T23:22:05.527899,other,False,0cb253ede8af
/home/tildai/Desktop/Development/drone-detection-api/deployment/v2/dunakeszi_data/audit/dunakeszi_audit_ws/Dunakeszi_DRON-ADATOK/SHOW_Skybrush/show_14.skyc,Dunakeszi_DRON-ADATOK/SHOW_Skybrush/show_14.skyc,show_14.skyc,show_14,.skyc,Dunakeszi_DRON-ADATOK,SHOW_Skybrush,2,74799,73.0458984375,0.0713338851928711,2026-03-22T23:22:05.563899,other,False,b2187169d342
/home/tildai/Desktop/Development/drone-detection-api/deployment/v2/dunakeszi_data/audit/dunakeszi_audit_ws/Dunakeszi_DRON-ADATOK/SHOW_Skybrush/show_15.skyc,Dunakeszi_DRON-ADATOK/SHOW_Skybrush/show_15.skyc,show_15.skyc,show_15,.skyc,Dunakeszi_DRON-ADATOK,SHOW_Skybrush,2,6141,5.9970703125,0.005856513977050781,2026-03-22T23:22:05.597899,other,False,854b186905b8
/home/tildai/Desktop/Development/drone-detection-api/deployment/v2/dunakeszi_data/audit/dunakeszi_audit_ws/Dunakeszi_DRON-ADATOK/SHOW_Skybrush/show_2.skyc,Dunakeszi_DRON-ADATOK/SHOW_Skybrush/show_2.skyc,show_2.skyc,show_2,.skyc,Dunakeszi_DRON-ADATOK,SHOW_Skybrush,2,2202,2.150390625,0.0020999908447265625,2026-03-22T23:22:05.633342,other,False,8eb9004325d5
/home/tildai/Desktop/Development/drone-detection-api/deployment/v2/dunakeszi_data/audit/dunakeszi_audit_ws/Dunakeszi_DRON-ADATOK/SHOW_Skybrush/show_3.skyc,Dunakeszi_DRON-ADATOK/SHOW_Skybrush/show_3.skyc,show_3.skyc,show_3,.skyc,Dunakeszi_DRON-ADATOK,SHOW_Skybrush,2,1829,1.7861328125,0.0017442703247070312,2026-03-22T23:22:05.668330,other,False,ccc7055c4373
/home/tildai/Desktop/Development/drone-detection-api/deployment/v2/dunakeszi_data/audit/dunakeszi_audit_ws/Dunakeszi_DRON-ADATOK/SHOW_Skybrush/show_4.skyc,Dunakeszi_DRON-ADATOK/SHOW_Skybrush/show_4.skyc,show_4.skyc,show_4,.skyc,Dunakeszi_DRON-ADATOK,SHOW_Skybrush,2,1696,1.65625,0.001617431640625,2026-03-22T23:22:05.704868,other,False,317af68f3d8f
/home/tildai/Desktop/Development/drone-detection-api/deployment/v2/dunakeszi_data/audit/dunakeszi_audit_ws/Dunakeszi_DRON-ADATOK/SHOW_Skybrush/show_5.skyc,Dunakeszi_DRON-ADATOK/SHOW_Skybrush/show_5.skyc,show_5.skyc,show_5,.skyc,Dunakeszi_DRON-ADATOK,SHOW_Skybrush,2,1812,1.76953125,0.001728057861328125,2026-03-22T23:22:05.738899,other,False,f0325f40d411
/home/tildai/Desktop/Development/drone-detection-api/deployment/v2/dunakeszi_data/audit/dunakeszi_audit_ws/Dunakeszi_DRON-ADATOK/SHOW_Skybrush/show_6.skyc,Dunakeszi_DRON-ADATOK/SHOW_Skybrush/show_6.skyc,show_6.skyc,show_6,.skyc,Dunakeszi_DRON-ADATOK,SHOW_Skybrush,2,1702,1.662109375,0.0016231536865234375,2026-03-22T23:22:05.779899,other,False,a80fe6e8d814
/home/tildai/Desktop/Development/drone-detection-api/deployment/v2/dunakeszi_data/audit/dunakeszi_audit_ws/Dunakeszi_DRON-ADATOK/SHOW_Skybrush/show_7.skyc,Dunakeszi_DRON-ADATOK/SHOW_Skybrush/show_7.skyc,show_7.skyc,show_7,.skyc,Dunakeszi_DRON-ADATOK,SHOW_Skybrush,2,1818,1.775390625,0.0017337799072265625,2026-03-22T23:22:05.819159,other,False,088244f70c09
/home/tildai/Desktop/Development/drone-detection-api/deployment/v2/dunakeszi_data/audit/dunakeszi_audit_ws/Dunakeszi_DRON-ADATOK/SHOW_Skybrush/show_8.skyc,Dunakeszi_DRON-ADATOK/SHOW_Skybrush/show_8.skyc,show_8.skyc,show_8,.skyc,Dunakeszi_DRON-ADATOK,SHOW_Skybrush,2,23398,22.849609375,0.022314071655273438,2026-03-22T23:22:05.852899,other,False,d65fed7e44f2
/home/tildai/Desktop/Development/drone-detection-api/deployment/v2/dunakeszi_data/audit/dunakeszi_audit_ws/Dunakeszi_DRON-ADATOK/SHOW_Skybrush/show_9.skyc,Dunakeszi_DRON-ADATOK/SHOW_Skybrush/show_9.skyc,show_9.skyc,show_9,.skyc,Dunakeszi_DRON-ADATOK,SHOW_Skybrush,2,1913,1.8681640625,0.0018243789672851562,2026-03-22T23:22:05.894753,other,False,66deea242832
/home/tildai/Desktop/Development/drone-detection-api/deployment/v2/dunakeszi_data/audit/dunakeszi_audit_ws/Dunakeszi_DRON-ADATOK/Show01/20251020-001.gpx,Dunakeszi_DRON-ADATOK/Show01/20251020-001.gpx,20251020-001.gpx,20251020-001,.gpx,Dunakeszi_DRON-ADATOK,Show01,2,337290,329.384765625,0.32166481018066406,2026-03-22T23:21:57.332899,text,False,87869b9ee69f
/home/tildai/Desktop/Development/drone-detection-api/deployment/v2/dunakeszi_data/audit/dunakeszi_audit_ws/Dunakeszi_DRON-ADATOK/Show02/20251020-002.gpx,Dunakeszi_DRON-ADATOK/Show02/20251020-002.gpx,20251020-002.gpx,20251020-002,.gpx,Dunakeszi_DRON-ADATOK,Show02,2,381705,372.7587890625,0.36402225494384766,2026-03-22T23:21:57.398899,text,False,a41ad1c46484
/home/tildai/Desktop/Development/drone-detection-api/deployment/v2/dunakeszi_data/audit/dunakeszi_audit_ws/Dunakeszi_DRON-ADATOK/Show05/20251020-003.gpx,Dunakeszi_DRON-ADATOK/Show05/20251020-003.gpx,20251020-003.gpx,20251020-003,.gpx,Dunakeszi_DRON-ADATOK,Show05,2,375615,366.8115234375,0.3582143783569336,2026-03-22T23:21:57.447899,text,False,21a7d1447808
/home/tildai/Desktop/Development/drone-detection-api/deployment/v2/dunakeszi_data/audit/dunakeszi_audit_ws/Dunakeszi_DRON-ADATOK/Show07/20251020-004.gpx,Dunakeszi_DRON-ADATOK/Show07/20251020-004.gpx,20251020-004.gpx,20251020-004,.gpx,Dunakeszi_DRON-ADATOK,Show07,2,335295,327.4365234375,0.3197622299194336,2026-03-22T23:21:57.497899,text,False,e2bcc4781b67
/home/tildai/Desktop/Development/drone-detection-api/deployment/v2/dunakeszi_data/audit/dunakeszi_audit_ws/Dunakeszi_DRON-ADATOK/Show08/20251020-001.gpx,Dunakeszi_DRON-ADATOK/Show08/20251020-001.gpx,20251020-001.gpx,20251020-001,.gpx,Dunakeszi_DRON-ADATOK,Show08,2,346635,338.5107421875,0.33057689666748047,2026-03-22T23:21:57.553899,text,False,3343c2987d9e
/home/tildai/Desktop/Development/drone-detection-api/deployment/v2/dunakeszi_data/audit/dunakeszi_audit_ws/Dunakeszi_DRON-ADATOK/Show09/20251020-001.gpx,Dunakeszi_DRON-ADATOK/Show09/20251020-001.gpx,20251020-001.gpx,20251020-001,.gpx,Dunakeszi_DRON-ADATOK,Show09,2,277336,270.8359375,0.26448822021484375,2026-03-22T23:21:57.607899,text,False,f639fd57ebe2
/home/tildai/Desktop/Development/drone-detection-api/deployment/v2/dunakeszi_data/audit/dunakeszi_audit_ws/Dunakeszi_DRON-ADATOK/Show10/20251020-007.gpx,Dunakeszi_DRON-ADATOK/Show10/20251020-007.gpx,20251020-007.gpx,20251020-007,.gpx,Dunakeszi_DRON-ADATOK,Show10,2,212761,207.7744140625,0.20290470123291016,2026-03-22T23:21:57.651899,text,False,c0fadc0d8f4a
/home/tildai/Desktop/Development/drone-detection-api/deployment/v2/dunakeszi_data/audit/dunakeszi_audit_ws/Dunakeszi_DRON-ADATOK/Show11/20251020-001.gpx,Dunakeszi_DRON-ADATOK/Show11/20251020-001.gpx,20251020-001.gpx,20251020-001,.gpx,Dunakeszi_DRON-ADATOK,Show11,2,215700,210.64453125,0.20570755004882812,2026-03-22T23:21:57.693899,text,False,6b2f25f0e46e
/home/tildai/Desktop/Development/drone-detection-api/deployment/v2/dunakeszi_data/audit/dunakeszi_audit_ws/Dunakeszi_DRON-ADATOK/Show11/20251020-002.gpx,Dunakeszi_DRON-ADATOK/Show11/20251020-002.gpx,20251020-002.gpx,20251020-002,.gpx,Dunakeszi_DRON-ADATOK,Show11,2,216121,211.0556640625,0.20610904693603516,2026-03-22T23:21:57.743899,text,False,763714f6fbde
/home/tildai/Desktop/Development/drone-detection-api/deployment/v2/dunakeszi_data/audit/dunakeszi_audit_ws/Dunakeszi_DRON-ADATOK/Show12/20251020-001.gpx,Dunakeszi_DRON-ADATOK/Show12/20251020-001.gpx,20251020-001.gpx,20251020-001,.gpx,Dunakeszi_DRON-ADATOK,Show12,2,310411,303.1357421875,0.29603099822998047,2026-03-22T23:21:57.787899,text,False,27a758b6b804
/home/tildai/Desktop/Development/drone-detection-api/deployment/v2/dunakeszi_data/audit/dunakeszi_audit_ws/Dunakeszi_DRON-ADATOK/Show12/20251020-002.gpx,Dunakeszi_DRON-ADATOK/Show12/20251020-002.gpx,20251020-002.gpx,20251020-002,.gpx,Dunakeszi_DRON-ADATOK,Show12,2,310620,303.33984375,0.2962303161621094,2026-03-22T23:21:57.834899,text,False,aa10cbe9adc4
/home/tildai/Desktop/Development/drone-detection-api/deployment/v2/dunakeszi_data/audit/dunakeszi_audit_ws/Dunakeszi_DRON-ADATOK/Show12/20251020-003.gpx,Dunakeszi_DRON-ADATOK/Show12/20251020-003.gpx,20251020-003.gpx,20251020-003,.gpx,Dunakeszi_DRON-ADATOK,Show12,2,310516,303.23828125,0.2961311340332031,2026-03-22T23:21:57.883899,text,False,ff57dac1de39
/home/tildai/Desktop/Development/drone-detection-api/deployment/v2/dunakeszi_data/audit/dunakeszi_audit_ws/Dunakeszi_DRON-ADATOK/Show13/20251020-002.gpx,Dunakeszi_DRON-ADATOK/Show13/20251020-002.gpx,20251020-002.gpx,20251020-002,.gpx,Dunakeszi_DRON-ADATOK,Show13,2,277126,270.630859375,0.26428794860839844,2026-03-22T23:21:57.930899,text,False,d8cfdac63ced
/home/tildai/Desktop/Development/drone-detection-api/deployment/v2/dunakeszi_data/audit/dunakeszi_audit_ws/Dunakeszi_DRON-ADATOK/Show13/20251020-003.gpx,Dunakeszi_DRON-ADATOK/Show13/20251020-003.gpx,20251020-003.gpx,20251020-003,.gpx,Dunakeszi_DRON-ADATOK,Show13,2,277545,271.0400390625,0.26468753814697266,2026-03-22T23:21:57.978899,text,False,83ac06881519
/home/tildai/Desktop/Development/drone-detection-api/deployment/v2/dunakeszi_data/audit/dunakeszi_audit_ws/Dunakeszi_DRON-ADATOK/Show13/20251020-004.gpx,Dunakeszi_DRON-ADATOK/Show13/20251020-004.gpx,20251020-004.gpx,20251020-004,.gpx,Dunakeszi_DRON-ADATOK,Show13,2,277651,271.1435546875,0.2647886276245117,2026-03-22T23:21:58.072899,text,False,528f709ba960
/home/tildai/Desktop/Development/drone-detection-api/deployment/v2/dunakeszi_data/audit/dunakeszi_audit_ws/Dunakeszi_DRON-ADATOK/Show13/20251020-005.gpx,Dunakeszi_DRON-ADATOK/Show13/20251020-005.gpx,20251020-005.gpx,20251020-005,.gpx,Dunakeszi_DRON-ADATOK,Show13,2,277230,270.732421875,0.2643871307373047,2026-03-22T23:21:58.119899,text,False,143f85c35221
/home/tildai/Desktop/Development/drone-detection-api/deployment/v2/dunakeszi_data/audit/dunakeszi_audit_ws/Dunakeszi_DRON-ADATOK/Show14/20251020-002.gpx,Dunakeszi_DRON-ADATOK/Show14/20251020-002.gpx,20251020-002.gpx,20251020-002,.gpx,Dunakeszi_DRON-ADATOK,Show14,2,262320,256.171875,0.2501678466796875,2026-03-22T23:21:58.168899,text,False,14d0d16cdfa2
/home/tildai/Desktop/Development/drone-detection-api/deployment/v2/dunakeszi_data/audit/dunakeszi_audit_ws/Dunakeszi_DRON-ADATOK/Show14/20251020-004.gpx,Dunakeszi_DRON-ADATOK/Show14/20251020-004.gpx,20251020-004.gpx,20251020-004,.gpx,Dunakeszi_DRON-ADATOK,Show14,2,262215,256.0693359375,0.25006771087646484,2026-03-22T23:21:58.214429,text,False,ef24bf0297b9
/home/tildai/Desktop/Development/drone-detection-api/deployment/v2/dunakeszi_data/audit/dunakeszi_audit_ws/Dunakeszi_DRON-ADATOK/Show14/20251020-005.gpx,Dunakeszi_DRON-ADATOK/Show14/20251020-005.gpx,20251020-005.gpx,20251020-005,.gpx,Dunakeszi_DRON-ADATOK,Show14,2,262216,256.0703125,0.25006866455078125,2026-03-22T23:21:58.392899,text,False,47fca5129d90
/home/tildai/Desktop/Development/drone-detection-api/deployment/v2/dunakeszi_data/audit/dunakeszi_audit_ws/Dunakeszi_DRON-ADATOK/Show14/20251020-006.gpx,Dunakeszi_DRON-ADATOK/Show14/20251020-006.gpx,20251020-006.gpx,20251020-006,.gpx,Dunakeszi_DRON-ADATOK,Show14,2,262425,256.2744140625,0.25026798248291016,2026-03-22T23:21:58.444899,text,False,26cdcb477d56
/home/tildai/Desktop/Development/drone-detection-api/deployment/v2/dunakeszi_data/audit/dunakeszi_audit_ws/Dunakeszi_DRON-ADATOK/Show15/20251020-003.gpx,Dunakeszi_DRON-ADATOK/Show15/20251020-003.gpx,20251020-003.gpx,20251020-003,.gpx,Dunakeszi_DRON-ADATOK,Show15,2,224520,219.2578125,0.21411895751953125,2026-03-22T23:21:58.492899,text,False,490f90517add
/home/tildai/Desktop/Development/drone-detection-api/deployment/v2/dunakeszi_data/audit/dunakeszi_audit_ws/Dunakeszi_DRON-ADATOK/Show15/20251020-003_2.gpx,Dunakeszi_DRON-ADATOK/Show15/20251020-003_2.gpx,20251020-003_2.gpx,20251020-003_2,.gpx,Dunakeszi_DRON-ADATOK,Show15,2,348946,340.767578125,0.3327808380126953,2026-03-22T23:21:58.556899,text,False,feb9f576ee83
/home/tildai/Desktop/Development/drone-detection-api/deployment/v2/dunakeszi_data/audit/dunakeszi_audit_ws/Dunakeszi_DRON-ADATOK/Show15/20251020-005.gpx,Dunakeszi_DRON-ADATOK/Show15/20251020-005.gpx,20251020-005.gpx,20251020-005,.gpx,Dunakeszi_DRON-ADATOK,Show15,2,206670,201.826171875,0.1970958709716797,2026-03-22T23:21:58.596899,text,False,1c98acab3392
/home/tildai/Desktop/Development/drone-detection-api/deployment/v2/dunakeszi_data/audit/dunakeszi_audit_ws/Dunakeszi_DRON-ADATOK/Show15/20251020-006.gpx,Dunakeszi_DRON-ADATOK/Show15/20251020-006.gpx,20251020-006.gpx,20251020-006,.gpx,Dunakeszi_DRON-ADATOK,Show15,2,348106,339.947265625,0.33197975158691406,2026-03-22T23:21:58.651899,text,False,151f8df7fd01
/home/tildai/Desktop/Development/drone-detection-api/deployment/v2/dunakeszi_data/audit/dunakeszi_audit_ws/Dunakeszi_DRON-ADATOK/Show15/20251020-007.gpx,Dunakeszi_DRON-ADATOK/Show15/20251020-007.gpx,20251020-007.gpx,20251020-007,.gpx,Dunakeszi_DRON-ADATOK,Show15,2,348735,340.5615234375,0.3325796127319336,2026-03-22T23:21:58.700899,text,False,5f111fd0e0fb
/home/tildai/Desktop/Development/drone-detection-api/deployment/v2/dunakeszi_data/audit/dunakeszi_audit_ws/Dunakeszi_DRON-ADATOK/collmot_dron_meres_20251020/Multidrónos akusztikus mérés - 251020.xlsx,Dunakeszi_DRON-ADATOK/collmot_dron_meres_20251020/Multidrónos akusztikus mérés - 251020.xlsx,Multidrónos akusztikus mérés - 251020.xlsx,Multidrónos akusztikus mérés - 251020,.xlsx,Dunakeszi_DRON-ADATOK,collmot_dron_meres_20251020,2,19134,18.685546875,0.018247604370117188,2026-03-22T23:21:58.737834,data,False,3fb39a2ed61c
/home/tildai/Desktop/Development/drone-detection-api/deployment/v2/dunakeszi_data/audit/dunakeszi_audit_ws/Dunakeszi_DRON-ADATOK/collmot_dron_meres_20251020/notes_2025-10-20_16-33-21 volk janos.md,Dunakeszi_DRON-ADATOK/collmot_dron_meres_20251020/notes_2025-10-20_16-33-21 volk janos.md,notes_2025-10-20_16-33-21 volk janos.md,notes_2025-10-20_16-33-21 volk janos,.md,Dunakeszi_DRON-ADATOK,collmot_dron_meres_20251020,2,1057,1.0322265625,0.0010080337524414062,2026-03-22T23:22:00.130559,text,False,92784b111622
/home/tildai/Desktop/Development/drone-detection-api/deployment/v2/dunakeszi_data/audit/dunakeszi_audit_ws/Dunakeszi_DRON-ADATOK/drone130/20251020-001.gpx,Dunakeszi_DRON-ADATOK/drone130/20251020-001.gpx,20251020-001.gpx,20251020-001,.gpx,Dunakeszi_DRON-ADATOK,drone130,2,277336,270.8359375,0.26448822021484375,2026-03-22T23:21:56.069899,text,False,f639fd57ebe2
/home/tildai/Desktop/Development/drone-detection-api/deployment/v2/dunakeszi_data/audit/dunakeszi_audit_ws/Dunakeszi_DRON-ADATOK/drone130/20251020-002.gpx,Dunakeszi_DRON-ADATOK/drone130/20251020-002.gpx,20251020-002.gpx,20251020-002,.gpx,Dunakeszi_DRON-ADATOK,drone130,2,216121,211.0556640625,0.20610904693603516,2026-03-22T23:21:56.121899,text,False,763714f6fbde
/home/tildai/Desktop/Development/drone-detection-api/deployment/v2/dunakeszi_data/audit/dunakeszi_audit_ws/Dunakeszi_DRON-ADATOK/drone130/20251020-003.gpx,Dunakeszi_DRON-ADATOK/drone130/20251020-003.gpx,20251020-003.gpx,20251020-003,.gpx,Dunakeszi_DRON-ADATOK,drone130,2,310516,303.23828125,0.2961311340332031,2026-03-22T23:21:56.174899,text,False,ff57dac1de39
/home/tildai/Desktop/Development/drone-detection-api/deployment/v2/dunakeszi_data/audit/dunakeszi_audit_ws/Dunakeszi_DRON-ADATOK/drone130/20251020-004.gpx,Dunakeszi_DRON-ADATOK/drone130/20251020-004.gpx,20251020-004.gpx,20251020-004,.gpx,Dunakeszi_DRON-ADATOK,drone130,2,277651,271.1435546875,0.2647886276245117,2026-03-22T23:21:56.226899,text,False,528f709ba960
/home/tildai/Desktop/Development/drone-detection-api/deployment/v2/dunakeszi_data/audit/dunakeszi_audit_ws/Dunakeszi_DRON-ADATOK/drone130/20251020-005.gpx,Dunakeszi_DRON-ADATOK/drone130/20251020-005.gpx,20251020-005.gpx,20251020-005,.gpx,Dunakeszi_DRON-ADATOK,drone130,2,262216,256.0703125,0.25006866455078125,2026-03-22T23:21:56.273899,text,False,47fca5129d90
/home/tildai/Desktop/Development/drone-detection-api/deployment/v2/dunakeszi_data/audit/dunakeszi_audit_ws/Dunakeszi_DRON-ADATOK/drone130/20251020-006.gpx,Dunakeszi_DRON-ADATOK/drone130/20251020-006.gpx,20251020-006.gpx,20251020-006,.gpx,Dunakeszi_DRON-ADATOK,drone130,2,348106,339.947265625,0.33197975158691406,2026-03-22T23:21:56.328899,text,False,151f8df7fd01
/home/tildai/Desktop/Development/drone-detection-api/deployment/v2/dunakeszi_data/audit/dunakeszi_audit_ws/Dunakeszi_DRON-ADATOK/drone130/20251020-007.gpx,Dunakeszi_DRON-ADATOK/drone130/20251020-007.gpx,20251020-007.gpx,20251020-007,.gpx,Dunakeszi_DRON-ADATOK,drone130,2,212761,207.7744140625,0.20290470123291016,2026-03-22T23:21:56.378899,text,False,c0fadc0d8f4a
/home/tildai/Desktop/Development/drone-detection-api/deployment/v2/dunakeszi_data/audit/dunakeszi_audit_ws/Dunakeszi_DRON-ADATOK/drone132/20251020-001.gpx,Dunakeszi_DRON-ADATOK/drone132/20251020-001.gpx,20251020-001.gpx,20251020-001,.gpx,Dunakeszi_DRON-ADATOK,drone132,2,310411,303.1357421875,0.29603099822998047,2026-03-22T23:21:56.430899,text,False,27a758b6b804
/home/tildai/Desktop/Development/drone-detection-api/deployment/v2/dunakeszi_data/audit/dunakeszi_audit_ws/Dunakeszi_DRON-ADATOK/drone132/20251020-002.gpx,Dunakeszi_DRON-ADATOK/drone132/20251020-002.gpx,20251020-002.gpx,20251020-002,.gpx,Dunakeszi_DRON-ADATOK,drone132,2,277126,270.630859375,0.26428794860839844,2026-03-22T23:21:56.484899,text,False,d8cfdac63ced
/home/tildai/Desktop/Development/drone-detection-api/deployment/v2/dunakeszi_data/audit/dunakeszi_audit_ws/Dunakeszi_DRON-ADATOK/drone132/20251020-003.gpx,Dunakeszi_DRON-ADATOK/drone132/20251020-003.gpx,20251020-003.gpx,20251020-003,.gpx,Dunakeszi_DRON-ADATOK,drone132,2,348946,340.767578125,0.3327808380126953,2026-03-22T23:21:56.532899,text,False,feb9f576ee83
/home/tildai/Desktop/Development/drone-detection-api/deployment/v2/dunakeszi_data/audit/dunakeszi_audit_ws/Dunakeszi_DRON-ADATOK/drone65/20251020-001.gpx,Dunakeszi_DRON-ADATOK/drone65/20251020-001.gpx,20251020-001.gpx,20251020-001,.gpx,Dunakeszi_DRON-ADATOK,drone65,2,215700,210.64453125,0.20570755004882812,2026-03-22T23:21:56.578899,text,False,6b2f25f0e46e
/home/tildai/Desktop/Development/drone-detection-api/deployment/v2/dunakeszi_data/audit/dunakeszi_audit_ws/Dunakeszi_DRON-ADATOK/drone65/20251020-002.gpx,Dunakeszi_DRON-ADATOK/drone65/20251020-002.gpx,20251020-002.gpx,20251020-002,.gpx,Dunakeszi_DRON-ADATOK,drone65,2,310620,303.33984375,0.2962303161621094,2026-03-22T23:21:56.628899,text,False,aa10cbe9adc4
/home/tildai/Desktop/Development/drone-detection-api/deployment/v2/dunakeszi_data/audit/dunakeszi_audit_ws/Dunakeszi_DRON-ADATOK/drone65/20251020-003.gpx,Dunakeszi_DRON-ADATOK/drone65/20251020-003.gpx,20251020-003.gpx,20251020-003,.gpx,Dunakeszi_DRON-ADATOK,drone65,2,277545,271.0400390625,0.26468753814697266,2026-03-22T23:21:56.675899,text,False,83ac06881519
/home/tildai/Desktop/Development/drone-detection-api/deployment/v2/dunakeszi_data/audit/dunakeszi_audit_ws/Dunakeszi_DRON-ADATOK/drone65/20251020-004.gpx,Dunakeszi_DRON-ADATOK/drone65/20251020-004.gpx,20251020-004.gpx,20251020-004,.gpx,Dunakeszi_DRON-ADATOK,drone65,2,262215,256.0693359375,0.25006771087646484,2026-03-22T23:21:56.728899,text,False,ef24bf0297b9
/home/tildai/Desktop/Development/drone-detection-api/deployment/v2/dunakeszi_data/audit/dunakeszi_audit_ws/Dunakeszi_DRON-ADATOK/drone65/20251020-005.gpx,Dunakeszi_DRON-ADATOK/drone65/20251020-005.gpx,20251020-005.gpx,20251020-005,.gpx,Dunakeszi_DRON-ADATOK,drone65,2,206670,201.826171875,0.1970958709716797,2026-03-22T23:21:56.767899,text,False,1c98acab3392
/home/tildai/Desktop/Development/drone-detection-api/deployment/v2/dunakeszi_data/audit/dunakeszi_audit_ws/Dunakeszi_DRON-ADATOK/drone78/20251020-001.gpx,Dunakeszi_DRON-ADATOK/drone78/20251020-001.gpx,20251020-001.gpx,20251020-001,.gpx,Dunakeszi_DRON-ADATOK,drone78,2,337290,329.384765625,0.32166481018066406,2026-03-22T23:21:56.814899,text,False,87869b9ee69f
/home/tildai/Desktop/Development/drone-detection-api/deployment/v2/dunakeszi_data/audit/dunakeszi_audit_ws/Dunakeszi_DRON-ADATOK/drone78/20251020-002.gpx,Dunakeszi_DRON-ADATOK/drone78/20251020-002.gpx,20251020-002.gpx,20251020-002,.gpx,Dunakeszi_DRON-ADATOK,drone78,2,381705,372.7587890625,0.36402225494384766,2026-03-22T23:21:56.865899,text,False,a41ad1c46484
/home/tildai/Desktop/Development/drone-detection-api/deployment/v2/dunakeszi_data/audit/dunakeszi_audit_ws/Dunakeszi_DRON-ADATOK/drone78/20251020-003.gpx,Dunakeszi_DRON-ADATOK/drone78/20251020-003.gpx,20251020-003.gpx,20251020-003,.gpx,Dunakeszi_DRON-ADATOK,drone78,2,375615,366.8115234375,0.3582143783569336,2026-03-22T23:21:56.912899,text,False,21a7d1447808
/home/tildai/Desktop/Development/drone-detection-api/deployment/v2/dunakeszi_data/audit/dunakeszi_audit_ws/Dunakeszi_DRON-ADATOK/drone78/20251020-004.gpx,Dunakeszi_DRON-ADATOK/drone78/20251020-004.gpx,20251020-004.gpx,20251020-004,.gpx,Dunakeszi_DRON-ADATOK,drone78,2,335295,327.4365234375,0.3197622299194336,2026-03-22T23:21:56.957899,text,False,e2bcc4781b67
/home/tildai/Desktop/Development/drone-detection-api/deployment/v2/dunakeszi_data/audit/dunakeszi_audit_ws/Dunakeszi_DRON-ADATOK/drone78/20251020-005.gpx,Dunakeszi_DRON-ADATOK/drone78/20251020-005.gpx,20251020-005.gpx,20251020-005,.gpx,Dunakeszi_DRON-ADATOK,drone78,2,277230,270.732421875,0.2643871307373047,2026-03-22T23:21:57.007899,text,False,143f85c35221
/home/tildai/Desktop/Development/drone-detection-api/deployment/v2/dunakeszi_data/audit/dunakeszi_audit_ws/Dunakeszi_DRON-ADATOK/drone78/20251020-006.gpx,Dunakeszi_DRON-ADATOK/drone78/20251020-006.gpx,20251020-006.gpx,20251020-006,.gpx,Dunakeszi_DRON-ADATOK,drone78,2,262425,256.2744140625,0.25026798248291016,2026-03-22T23:21:57.046899,text,False,26cdcb477d56
/home/tildai/Desktop/Development/drone-detection-api/deployment/v2/dunakeszi_data/audit/dunakeszi_audit_ws/Dunakeszi_DRON-ADATOK/drone78/20251020-007.gpx,Dunakeszi_DRON-ADATOK/drone78/20251020-007.gpx,20251020-007.gpx,20251020-007,.gpx,Dunakeszi_DRON-ADATOK,drone78,2,348735,340.5615234375,0.3325796127319336,2026-03-22T23:21:57.092899,text,False,5f111fd0e0fb
/home/tildai/Desktop/Development/drone-detection-api/deployment/v2/dunakeszi_data/audit/dunakeszi_audit_ws/Dunakeszi_DRON-ADATOK/drone88/20251020-001.gpx,Dunakeszi_DRON-ADATOK/drone88/20251020-001.gpx,20251020-001.gpx,20251020-001,.gpx,Dunakeszi_DRON-ADATOK,drone88,2,346635,338.5107421875,0.33057689666748047,2026-03-22T23:21:57.141899,text,False,3343c2987d9e
/home/tildai/Desktop/Development/drone-detection-api/deployment/v2/dunakeszi_data/audit/dunakeszi_audit_ws/Dunakeszi_DRON-ADATOK/drone88/20251020-002.gpx,Dunakeszi_DRON-ADATOK/drone88/20251020-002.gpx,20251020-002.gpx,20251020-002,.gpx,Dunakeszi_DRON-ADATOK,drone88,2,262320,256.171875,0.2501678466796875,2026-03-22T23:21:57.229899,text,False,14d0d16cdfa2
/home/tildai/Desktop/Development/drone-detection-api/deployment/v2/dunakeszi_data/audit/dunakeszi_audit_ws/Dunakeszi_DRON-ADATOK/drone88/20251020-003.gpx,Dunakeszi_DRON-ADATOK/drone88/20251020-003.gpx,20251020-003.gpx,20251020-003,.gpx,Dunakeszi_DRON-ADATOK,drone88,2,224520,219.2578125,0.21411895751953125,2026-03-22T23:21:57.273899,text,False,490f90517add
/home/tildai/Desktop/Development/drone-detection-api/deployment/v2/dunakeszi_data/audit/dunakeszi_audit_ws/Dunakeszi_FOTÓ/KEPEK_VIDEOK_IPHONE/IMG_3020.jpeg,Dunakeszi_FOTÓ/KEPEK_VIDEOK_IPHONE/IMG_3020.jpeg,IMG_3020.jpeg,IMG_3020,.jpeg,Dunakeszi_FOTÓ,KEPEK_VIDEOK_IPHONE,2,2254113,2201.2822265625,2.1496896743774414,2026-03-22T23:22:06.210899,image,False,067c799e1ca7
/home/tildai/Desktop/Development/drone-detection-api/deployment/v2/dunakeszi_data/audit/dunakeszi_audit_ws/Dunakeszi_FOTÓ/KEPEK_VIDEOK_IPHONE/IMG_3021.jpeg,Dunakeszi_FOTÓ/KEPEK_VIDEOK_IPHONE/IMG_3021.jpeg,IMG_3021.jpeg,IMG_3021,.jpeg,Dunakeszi_FOTÓ,KEPEK_VIDEOK_IPHONE,2,10624245,10375.2392578125,10.13206958770752,2026-03-22T23:22:06.681899,image,False,e154ca74acce
/home/tildai/Desktop/Development/drone-detection-api/deployment/v2/dunakeszi_data/audit/dunakeszi_audit_ws/Dunakeszi_FOTÓ/KEPEK_VIDEOK_IPHONE/IMG_3022.jpeg,Dunakeszi_FOTÓ/KEPEK_VIDEOK_IPHONE/IMG_3022.jpeg,IMG_3022.jpeg,IMG_3022,.jpeg,Dunakeszi_FOTÓ,KEPEK_VIDEOK_IPHONE,2,5971993,5832.0244140625,5.69533634185791,2026-03-22T23:22:06.932899,image,False,66b940e4deff
/home/tildai/Desktop/Development/drone-detection-api/deployment/v2/dunakeszi_data/audit/dunakeszi_audit_ws/Dunakeszi_FOTÓ/KEPEK_VIDEOK_IPHONE/IMG_3023.jpeg,Dunakeszi_FOTÓ/KEPEK_VIDEOK_IPHONE/IMG_3023.jpeg,IMG_3023.jpeg,IMG_3023,.jpeg,Dunakeszi_FOTÓ,KEPEK_VIDEOK_IPHONE,2,12863545,12562.0556640625,12.267632484436035,2026-03-22T23:22:07.426898,image,False,c524e4430455
/home/tildai/Desktop/Development/drone-detection-api/deployment/v2/dunakeszi_data/audit/dunakeszi_audit_ws/Dunakeszi_FOTÓ/KEPEK_VIDEOK_IPHONE/IMG_3025.jpeg,Dunakeszi_FOTÓ/KEPEK_VIDEOK_IPHONE/IMG_3025.jpeg,IMG_3025.jpeg,IMG_3025,.jpeg,Dunakeszi_FOTÓ,KEPEK_VIDEOK_IPHONE,2,5838538,5701.697265625,5.568063735961914,2026-03-22T23:22:07.643898,image,False,31f8c88f92a3
/home/tildai/Desktop/Development/drone-detection-api/deployment/v2/dunakeszi_data/audit/dunakeszi_audit_ws/Dunakeszi_FOTÓ/KEPEK_VIDEOK_IPHONE/IMG_3026.jpeg,Dunakeszi_FOTÓ/KEPEK_VIDEOK_IPHONE/IMG_3026.jpeg,IMG_3026.jpeg,IMG_3026,.jpeg,Dunakeszi_FOTÓ,KEPEK_VIDEOK_IPHONE,2,7641733,7462.6298828125,7.287724494934082,2026-03-22T23:22:07.935899,image,False,e8de302f4632
/home/tildai/Desktop/Development/drone-detection-api/deployment/v2/dunakeszi_data/audit/dunakeszi_audit_ws/Dunakeszi_FOTÓ/KEPEK_VIDEOK_IPHONE/IMG_3027.jpeg,Dunakeszi_FOTÓ/KEPEK_VIDEOK_IPHONE/IMG_3027.jpeg,IMG_3027.jpeg,IMG_3027,.jpeg,Dunakeszi_FOTÓ,KEPEK_VIDEOK_IPHONE,2,6216820,6071.11328125,5.928821563720703,2026-03-22T23:22:08.221899,image,False,6fcc477abe9e
/home/tildai/Desktop/Development/drone-detection-api/deployment/v2/dunakeszi_data/audit/dunakeszi_audit_ws/Dunakeszi_FOTÓ/KEPEK_VIDEOK_IPHONE/IMG_3028.jpeg,Dunakeszi_FOTÓ/KEPEK_VIDEOK_IPHONE/IMG_3028.jpeg,IMG_3028.jpeg,IMG_3028,.jpeg,Dunakeszi_FOTÓ,KEPEK_VIDEOK_IPHONE,2,5857685,5720.3955078125,5.5863237380981445,2026-03-22T23:22:08.537899,image,False,203b4f85ffe4
/home/tildai/Desktop/Development/drone-detection-api/deployment/v2/dunakeszi_data/audit/dunakeszi_audit_ws/Dunakeszi_FOTÓ/KEPEK_VIDEOK_IPHONE/IMG_3029.jpeg,Dunakeszi_FOTÓ/KEPEK_VIDEOK_IPHONE/IMG_3029.jpeg,IMG_3029.jpeg,IMG_3029,.jpeg,Dunakeszi_FOTÓ,KEPEK_VIDEOK_IPHONE,2,5947627,5808.2294921875,5.6720991134643555,2026-03-22T23:22:08.805898,image,False,cd10d10200df
/home/tildai/Desktop/Development/drone-detection-api/deployment/v2/dunakeszi_data/audit/dunakeszi_audit_ws/Dunakeszi_FOTÓ/KEPEK_VIDEOK_IPHONE/IMG_3030.jpeg,Dunakeszi_FOTÓ/KEPEK_VIDEOK_IPHONE/IMG_3030.jpeg,IMG_3030.jpeg,IMG_3030,.jpeg,Dunakeszi_FOTÓ,KEPEK_VIDEOK_IPHONE,2,6104651,5961.5732421875,5.8218488693237305,2026-03-22T23:22:09.099899,image,False,9a3e31770ac9
/home/tildai/Desktop/Development/drone-detection-api/deployment/v2/dunakeszi_data/audit/dunakeszi_audit_ws/Dunakeszi_FOTÓ/KEPEK_VIDEOK_IPHONE/IMG_3031.jpeg,Dunakeszi_FOTÓ/KEPEK_VIDEOK_IPHONE/IMG_3031.jpeg,IMG_3031.jpeg,IMG_3031,.jpeg,Dunakeszi_FOTÓ,KEPEK_VIDEOK_IPHONE,2,4973093,4856.5361328125,4.742711067199707,2026-03-22T23:22:09.459898,image,False,bfad5f27512c
/home/tildai/Desktop/Development/drone-detection-api/deployment/v2/dunakeszi_data/audit/dunakeszi_audit_ws/Dunakeszi_FOTÓ/KEPEK_VIDEOK_IPHONE/IMG_3032.jpeg,Dunakeszi_FOTÓ/KEPEK_VIDEOK_IPHONE/IMG_3032.jpeg,IMG_3032.jpeg,IMG_3032,.jpeg,Dunakeszi_FOTÓ,KEPEK_VIDEOK_IPHONE,2,4964392,4848.0390625,4.734413146972656,2026-03-22T23:22:09.817899,image,False,e0914db9d57d
/home/tildai/Desktop/Development/drone-detection-api/deployment/v2/dunakeszi_data/audit/dunakeszi_audit_ws/Dunakeszi_FOTÓ/KEPEK_VIDEOK_IPHONE/IMG_3034.jpeg,Dunakeszi_FOTÓ/KEPEK_VIDEOK_IPHONE/IMG_3034.jpeg,IMG_3034.jpeg,IMG_3034,.jpeg,Dunakeszi_FOTÓ,KEPEK_VIDEOK_IPHONE,2,1477789,1443.1533203125,1.4093294143676758,2026-03-22T23:22:09.926898,image,False,cb2f3ab0f17e
/home/tildai/Desktop/Development/drone-detection-api/deployment/v2/dunakeszi_data/audit/dunakeszi_audit_ws/Dunakeszi_FOTÓ/KEPEK_VIDEOK_IPHONE/IMG_3035.jpeg,Dunakeszi_FOTÓ/KEPEK_VIDEOK_IPHONE/IMG_3035.jpeg,IMG_3035.jpeg,IMG_3035,.jpeg,Dunakeszi_FOTÓ,KEPEK_VIDEOK_IPHONE,2,706122,689.572265625,0.6734104156494141,2026-03-22T23:22:09.991899,image,False,e3fe0dea1a8d
/home/tildai/Desktop/Development/drone-detection-api/deployment/v2/dunakeszi_data/audit/dunakeszi_audit_ws/Dunakeszi_FOTÓ/KEPEK_VIDEOK_IPHONE/IMG_3036.jpeg,Dunakeszi_FOTÓ/KEPEK_VIDEOK_IPHONE/IMG_3036.jpeg,IMG_3036.jpeg,IMG_3036,.jpeg,Dunakeszi_FOTÓ,KEPEK_VIDEOK_IPHONE,2,661386,645.884765625,0.6307468414306641,2026-03-22T23:22:10.062898,image,False,c8b79bdfecf8
/home/tildai/Desktop/Development/drone-detection-api/deployment/v2/dunakeszi_data/audit/dunakeszi_audit_ws/Dunakeszi_FOTÓ/KEPEK_VIDEOK_IPHONE/IMG_3043.jpeg,Dunakeszi_FOTÓ/KEPEK_VIDEOK_IPHONE/IMG_3043.jpeg,IMG_3043.jpeg,IMG_3043,.jpeg,Dunakeszi_FOTÓ,KEPEK_VIDEOK_IPHONE,2,7427018,7252.947265625,7.082956314086914,2026-03-22T23:22:10.399899,image,False,cca9289fdcd2
/home/tildai/Desktop/Development/drone-detection-api/deployment/v2/dunakeszi_data/audit/dunakeszi_audit_ws/Dunakeszi_FOTÓ/KEPEK_VIDEOK_IPHONE/IMG_3044.jpeg,Dunakeszi_FOTÓ/KEPEK_VIDEOK_IPHONE/IMG_3044.jpeg,IMG_3044.jpeg,IMG_3044,.jpeg,Dunakeszi_FOTÓ,KEPEK_VIDEOK_IPHONE,2,7175807,7007.6240234375,6.843382835388184,2026-03-22T23:22:10.743898,image,False,34c8f45b449d
/home/tildai/Desktop/Development/drone-detection-api/deployment/v2/dunakeszi_data/audit/dunakeszi_audit_ws/Dunakeszi_FOTÓ/KEPEK_VIDEOK_IPHONE/IMG_3045.jpeg,Dunakeszi_FOTÓ/KEPEK_VIDEOK_IPHONE/IMG_3045.jpeg,IMG_3045.jpeg,IMG_3045,.jpeg,Dunakeszi_FOTÓ,KEPEK_VIDEOK_IPHONE,2,6768471,6609.8349609375,6.454916954040527,2026-03-22T23:22:11.096899,image,False,33db9da228f6
/home/tildai/Desktop/Development/drone-detection-api/deployment/v2/dunakeszi_data/audit/dunakeszi_audit_ws/Dunakeszi_FOTÓ/KEPEK_VIDEOK_IPHONE/IMG_3050.jpeg,Dunakeszi_FOTÓ/KEPEK_VIDEOK_IPHONE/IMG_3050.jpeg,IMG_3050.jpeg,IMG_3050,.jpeg,Dunakeszi_FOTÓ,KEPEK_VIDEOK_IPHONE,2,6926025,6763.6962890625,6.605172157287598,2026-03-22T23:22:11.451899,image,False,0a734f6ecf42
/home/tildai/Desktop/Development/drone-detection-api/deployment/v2/dunakeszi_data/audit/dunakeszi_audit_ws/Dunakeszi_FOTÓ/KEPEK_VIDEOK_IPHONE/IMG_3051.jpeg,Dunakeszi_FOTÓ/KEPEK_VIDEOK_IPHONE/IMG_3051.jpeg,IMG_3051.jpeg,IMG_3051,.jpeg,Dunakeszi_FOTÓ,KEPEK_VIDEOK_IPHONE,2,4060732,3965.55859375,3.8726158142089844,2026-03-22T23:22:11.638898,image,False,869e3d397f4a
/home/tildai/Desktop/Development/drone-detection-api/deployment/v2/dunakeszi_data/audit/dunakeszi_audit_ws/Dunakeszi_FOTÓ/KÉPEK_OPPO/IMG20251020130458.jpg,Dunakeszi_FOTÓ/KÉPEK_OPPO/IMG20251020130458.jpg,IMG20251020130458.jpg,IMG20251020130458,.jpg,Dunakeszi_FOTÓ,KÉPEK_OPPO,2,5732470,5598.115234375,5.466909408569336,2026-03-22T23:22:11.877898,image,False,bde6bf7450c3
/home/tildai/Desktop/Development/drone-detection-api/deployment/v2/dunakeszi_data/audit/dunakeszi_audit_ws/Dunakeszi_FOTÓ/KÉPEK_OPPO/IMG20251020130501.jpg,Dunakeszi_FOTÓ/KÉPEK_OPPO/IMG20251020130501.jpg,IMG20251020130501.jpg,IMG20251020130501,.jpg,Dunakeszi_FOTÓ,KÉPEK_OPPO,2,5655530,5522.978515625,5.393533706665039,2026-03-22T23:22:12.105898,image,False,124be02e80be
/home/tildai/Desktop/Development/drone-detection-api/deployment/v2/dunakeszi_data/audit/dunakeszi_audit_ws/Dunakeszi_FOTÓ/KÉPEK_OPPO/IMG20251020130507.jpg,Dunakeszi_FOTÓ/KÉPEK_OPPO/IMG20251020130507.jpg,IMG20251020130507.jpg,IMG20251020130507,.jpg,Dunakeszi_FOTÓ,KÉPEK_OPPO,2,5894747,5756.5888671875,5.621668815612793,2026-03-22T23:22:12.357898,image,False,e316d036eb66
/home/tildai/Desktop/Development/drone-detection-api/deployment/v2/dunakeszi_data/audit/dunakeszi_audit_ws/Dunakeszi_FOTÓ/KÉPEK_OPPO/IMG20251020130521.jpg,Dunakeszi_FOTÓ/KÉPEK_OPPO/IMG20251020130521.jpg,IMG20251020130521.jpg,IMG20251020130521,.jpg,Dunakeszi_FOTÓ,KÉPEK_OPPO,2,4258749,4158.9345703125,4.061459541320801,2026-03-22T23:22:12.538898,image,False,cf6f7475db30
/home/tildai/Desktop/Development/drone-detection-api/deployment/v2/dunakeszi_data/audit/dunakeszi_audit_ws/Dunakeszi_FOTÓ/KÉPEK_OPPO/IMG20251020130533.jpg,Dunakeszi_FOTÓ/KÉPEK_OPPO/IMG20251020130533.jpg,IMG20251020130533.jpg,IMG20251020130533,.jpg,Dunakeszi_FOTÓ,KÉPEK_OPPO,2,6548732,6395.24609375,6.245357513427734,2026-03-22T23:22:12.791898,image,False,653c1911ff8e
/home/tildai/Desktop/Development/drone-detection-api/deployment/v2/dunakeszi_data/audit/dunakeszi_audit_ws/Dunakeszi_FOTÓ/KÉPEK_OPPO/IMG20251020130536.jpg,Dunakeszi_FOTÓ/KÉPEK_OPPO/IMG20251020130536.jpg,IMG20251020130536.jpg,IMG20251020130536,.jpg,Dunakeszi_FOTÓ,KÉPEK_OPPO,2,5657747,5525.1435546875,5.395648002624512,2026-03-22T23:22:12.993898,image,False,98168ee4afec
/home/tildai/Desktop/Development/drone-detection-api/deployment/v2/dunakeszi_data/audit/dunakeszi_audit_ws/Dunakeszi_FOTÓ/KÉPEK_OPPO/IMG20251020130539.jpg,Dunakeszi_FOTÓ/KÉPEK_OPPO/IMG20251020130539.jpg,IMG20251020130539.jpg,IMG20251020130539,.jpg,Dunakeszi_FOTÓ,KÉPEK_OPPO,2,5355680,5230.15625,5.107574462890625,2026-03-22T23:22:13.267898,image,False,7e145705c758
/home/tildai/Desktop/Development/drone-detection-api/deployment/v2/dunakeszi_data/audit/dunakeszi_audit_ws/Dunakeszi_FOTÓ/KÉPEK_OPPO/IMG20251020130542.jpg,Dunakeszi_FOTÓ/KÉPEK_OPPO/IMG20251020130542.jpg,IMG20251020130542.jpg,IMG20251020130542,.jpg,Dunakeszi_FOTÓ,KÉPEK_OPPO,2,5642851,5510.5966796875,5.381442070007324,2026-03-22T23:22:13.597898,image,False,d8146f4a6fa4
/home/tildai/Desktop/Development/drone-detection-api/deployment/v2/dunakeszi_data/audit/dunakeszi_audit_ws/Dunakeszi_FOTÓ/KÉPEK_OPPO/IMG20251020132049.jpg,Dunakeszi_FOTÓ/KÉPEK_OPPO/IMG20251020132049.jpg,IMG20251020132049.jpg,IMG20251020132049,.jpg,Dunakeszi_FOTÓ,KÉPEK_OPPO,2,4932232,4816.6328125,4.703742980957031,2026-03-22T23:22:13.802898,image,False,26f3e81a8110
/home/tildai/Desktop/Development/drone-detection-api/deployment/v2/dunakeszi_data/audit/dunakeszi_audit_ws/Dunakeszi_FOTÓ/KÉPEK_OPPO/IMG20251020132648.jpg,Dunakeszi_FOTÓ/KÉPEK_OPPO/IMG20251020132648.jpg,IMG20251020132648.jpg,IMG20251020132648,.jpg,Dunakeszi_FOTÓ,KÉPEK_OPPO,2,4290840,4190.2734375,4.092063903808594,2026-03-22T23:22:13.984898,image,False,432e50f283b3
/home/tildai/Desktop/Development/drone-detection-api/deployment/v2/dunakeszi_data/audit/dunakeszi_audit_ws/Dunakeszi_FOTÓ/KÉPEK_OPPO/IMG20251020133000.jpg,Dunakeszi_FOTÓ/KÉPEK_OPPO/IMG20251020133000.jpg,IMG20251020133000.jpg,IMG20251020133000,.jpg,Dunakeszi_FOTÓ,KÉPEK_OPPO,2,3180487,3105.9443359375,3.033148765563965,2026-03-22T23:22:14.147898,image,False,c225d9edd759
/home/tildai/Desktop/Development/drone-detection-api/deployment/v2/dunakeszi_data/audit/dunakeszi_audit_ws/Dunakeszi_FOTÓ/KÉPEK_OPPO/IMG20251020133950.jpg,Dunakeszi_FOTÓ/KÉPEK_OPPO/IMG20251020133950.jpg,IMG20251020133950.jpg,IMG20251020133950,.jpg,Dunakeszi_FOTÓ,KÉPEK_OPPO,2,2984551,2914.6005859375,2.84628963470459,2026-03-22T23:22:14.322898,image,False,c0586eb1e124
/home/tildai/Desktop/Development/drone-detection-api/deployment/v2/dunakeszi_data/audit/dunakeszi_audit_ws/Dunakeszi_FOTÓ/KÉPEK_OPPO/IMG20251020133956.jpg,Dunakeszi_FOTÓ/KÉPEK_OPPO/IMG20251020133956.jpg,IMG20251020133956.jpg,IMG20251020133956,.jpg,Dunakeszi_FOTÓ,KÉPEK_OPPO,2,2545580,2485.91796875,2.427654266357422,2026-03-22T23:22:14.508898,image,False,a46119e56db6
/home/tildai/Desktop/Development/drone-detection-api/deployment/v2/dunakeszi_data/audit/dunakeszi_audit_ws/Dunakeszi_FOTÓ/KÉPEK_OPPO/IMG20251020160838.jpg,Dunakeszi_FOTÓ/KÉPEK_OPPO/IMG20251020160838.jpg,IMG20251020160838.jpg,IMG20251020160838,.jpg,Dunakeszi_FOTÓ,KÉPEK_OPPO,2,5930936,5791.9296875,5.656181335449219,2026-03-22T23:22:14.888898,image,False,0e248205afec
/home/tildai/Desktop/Development/drone-detection-api/deployment/v2/dunakeszi_data/audit/dunakeszi_audit_ws/Dunakeszi_FOTÓ/KÉPEK_OPPO/IMG20251020160902.jpg,Dunakeszi_FOTÓ/KÉPEK_OPPO/IMG20251020160902.jpg,IMG20251020160902.jpg,IMG20251020160902,.jpg,Dunakeszi_FOTÓ,KÉPEK_OPPO,2,5233361,5110.7041015625,4.990921974182129,2026-03-22T23:22:15.256898,image,False,1f3a1ff7bc40
/home/tildai/Desktop/Development/drone-detection-api/deployment/v2/dunakeszi_data/audit/dunakeszi_audit_ws/Dunakeszi_FOTÓ/KÉPEK_OPPO/IMG20251020162232.jpg,Dunakeszi_FOTÓ/KÉPEK_OPPO/IMG20251020162232.jpg,IMG20251020162232.jpg,IMG20251020162232,.jpg,Dunakeszi_FOTÓ,KÉPEK_OPPO,2,4925089,4809.6572265625,4.696930885314941,2026-03-22T23:22:15.514898,image,False,10d535220776
/home/tildai/Desktop/Development/drone-detection-api/deployment/v2/dunakeszi_data/audit/dunakeszi_audit_ws/Dunakeszi_FOTÓ/KÉPEK_OPPO/IMG20251020162236.jpg,Dunakeszi_FOTÓ/KÉPEK_OPPO/IMG20251020162236.jpg,IMG20251020162236.jpg,IMG20251020162236,.jpg,Dunakeszi_FOTÓ,KÉPEK_OPPO,2,4378994,4276.361328125,4.17613410949707,2026-03-22T23:22:15.826898,image,False,f4a54fc435ec
/home/tildai/Desktop/Development/drone-detection-api/deployment/v2/dunakeszi_data/audit/dunakeszi_audit_ws/Dunakeszi_FOTÓ/KÉPEK_OPPO/IMG20251020162507.jpg,Dunakeszi_FOTÓ/KÉPEK_OPPO/IMG20251020162507.jpg,IMG20251020162507.jpg,IMG20251020162507,.jpg,Dunakeszi_FOTÓ,KÉPEK_OPPO,2,5832407,5695.7099609375,5.562216758728027,2026-03-22T23:22:16.165898,image,False,ac9da9c1ec58
/home/tildai/Desktop/Development/drone-detection-api/deployment/v2/dunakeszi_data/audit/dunakeszi_audit_ws/Dunakeszi_FOTÓ/KÉPEK_OPPO/IMG_20251020_132021.jpg,Dunakeszi_FOTÓ/KÉPEK_OPPO/IMG_20251020_132021.jpg,IMG_20251020_132021.jpg,IMG_20251020_132021,.jpg,Dunakeszi_FOTÓ,KÉPEK_OPPO,2,7986935,7799.7412109375,7.616934776306152,2026-03-22T23:22:16.558898,image,False,4145d31d60bb
/home/tildai/Desktop/Development/drone-detection-api/deployment/v2/dunakeszi_data/audit/dunakeszi_audit_ws/Dunakeszi_JEGYZOKONYV/Jegyzőkönyv_Multidrón_Dunakeszi_251020.docx,Dunakeszi_JEGYZOKONYV/Jegyzőkönyv_Multidrón_Dunakeszi_251020.docx,Jegyzőkönyv_Multidrón_Dunakeszi_251020.docx,Jegyzőkönyv_Multidrón_Dunakeszi_251020,.docx,Dunakeszi_JEGYZOKONYV,,1,1470902,1436.427734375,1.402761459350586,2026-03-22T23:22:16.687898,other,False,2b77d274495b
/home/tildai/Desktop/Development/drone-detection-api/deployment/v2/dunakeszi_data/audit/dunakeszi_audit_ws/Dunakeszi_MEMS/Audio/Audio 01_02.wav,Dunakeszi_MEMS/Audio/Audio 01_02.wav,Audio 01_02.wav,Audio 01_02,.wav,Dunakeszi_MEMS,Audio,2,5898240,5760.0,5.625,2026-03-22T23:22:17.106898,audio,False,63421e5c49d6
/home/tildai/Desktop/Development/drone-detection-api/deployment/v2/dunakeszi_data/audit/dunakeszi_audit_ws/Dunakeszi_MEMS/Audio/Audio 02_01.wav,Dunakeszi_MEMS/Audio/Audio 02_01.wav,Audio 02_01.wav,Audio 02_01,.wav,Dunakeszi_MEMS,Audio,2,5898240,5760.0,5.625,2026-03-22T23:22:17.368898,audio,False,7ca45e270107
/home/tildai/Desktop/Development/drone-detection-api/deployment/v2/dunakeszi_data/audit/dunakeszi_audit_ws/Dunakeszi_MEMS/Audio/Audio 03_01.wav,Dunakeszi_MEMS/Audio/Audio 03_01.wav,Audio 03_01.wav,Audio 03_01,.wav,Dunakeszi_MEMS,Audio,2,5898240,5760.0,5.625,2026-03-22T23:22:17.618898,audio,False,6bdee5fe6a27
/home/tildai/Desktop/Development/drone-detection-api/deployment/v2/dunakeszi_data/audit/dunakeszi_audit_ws/Dunakeszi_MEMS/Audio/Audio 04_01.wav,Dunakeszi_MEMS/Audio/Audio 04_01.wav,Audio 04_01.wav,Audio 04_01,.wav,Dunakeszi_MEMS,Audio,2,5898240,5760.0,5.625,2026-03-22T23:22:17.870898,audio,False,db6629e51acf
/home/tildai/Desktop/Development/drone-detection-api/deployment/v2/dunakeszi_data/audit/dunakeszi_audit_ws/Dunakeszi_MEMS/Audio/Audio 05_01.wav,Dunakeszi_MEMS/Audio/Audio 05_01.wav,Audio 05_01.wav,Audio 05_01,.wav,Dunakeszi_MEMS,Audio,2,5898240,5760.0,5.625,2026-03-22T23:22:18.277898,audio,False,19c67a15faf4
/home/tildai/Desktop/Development/drone-detection-api/deployment/v2/dunakeszi_data/audit/dunakeszi_audit_ws/Dunakeszi_MEMS/Audio/Audio 06_01.wav,Dunakeszi_MEMS/Audio/Audio 06_01.wav,Audio 06_01.wav,Audio 06_01,.wav,Dunakeszi_MEMS,Audio,2,5898240,5760.0,5.625,2026-03-22T23:22:18.651898,audio,False,904257441d06
/home/tildai/Desktop/Development/drone-detection-api/deployment/v2/dunakeszi_data/audit/dunakeszi_audit_ws/Dunakeszi_MEMS/Audio/Audio 07_01.wav,Dunakeszi_MEMS/Audio/Audio 07_01.wav,Audio 07_01.wav,Audio 07_01,.wav,Dunakeszi_MEMS,Audio,2,5898240,5760.0,5.625,2026-03-22T23:22:18.944898,audio,False,555f3e42c9aa
/home/tildai/Desktop/Development/drone-detection-api/deployment/v2/dunakeszi_data/audit/dunakeszi_audit_ws/Dunakeszi_MEMS/Audio/Audio 08_01.wav,Dunakeszi_MEMS/Audio/Audio 08_01.wav,Audio 08_01.wav,Audio 08_01,.wav,Dunakeszi_MEMS,Audio,2,5898240,5760.0,5.625,2026-03-22T23:22:19.261898,audio,False,3cdaa648e73e
/home/tildai/Desktop/Development/drone-detection-api/deployment/v2/dunakeszi_data/audit/dunakeszi_audit_ws/Dunakeszi_MEMS/Audio/Audio 09_01.wav,Dunakeszi_MEMS/Audio/Audio 09_01.wav,Audio 09_01.wav,Audio 09_01,.wav,Dunakeszi_MEMS,Audio,2,5898240,5760.0,5.625,2026-03-22T23:22:19.742898,audio,False,2621b21c9bf1
/home/tildai/Desktop/Development/drone-detection-api/deployment/v2/dunakeszi_data/audit/dunakeszi_audit_ws/Dunakeszi_MEMS/Audio/Audio 10_01.wav,Dunakeszi_MEMS/Audio/Audio 10_01.wav,Audio 10_01.wav,Audio 10_01,.wav,Dunakeszi_MEMS,Audio,2,5898240,5760.0,5.625,2026-03-22T23:22:20.010898,audio,False,af28255591a2
/home/tildai/Desktop/Development/drone-detection-api/deployment/v2/dunakeszi_data/audit/dunakeszi_audit_ws/Dunakeszi_MEMS/Audio/Audio 11_01.wav,Dunakeszi_MEMS/Audio/Audio 11_01.wav,Audio 11_01.wav,Audio 11_01,.wav,Dunakeszi_MEMS,Audio,2,5898240,5760.0,5.625,2026-03-22T23:22:20.253898,audio,False,ce0937f23d91
/home/tildai/Desktop/Development/drone-detection-api/deployment/v2/dunakeszi_data/audit/dunakeszi_audit_ws/Dunakeszi_MEMS/Audio/Audio 12_02.wav,Dunakeszi_MEMS/Audio/Audio 12_02.wav,Audio 12_02.wav,Audio 12_02,.wav,Dunakeszi_MEMS,Audio,2,5898240,5760.0,5.625,2026-03-22T23:22:20.513898,audio,False,904257441d06
/home/tildai/Desktop/Development/drone-detection-api/deployment/v2/dunakeszi_data/audit/dunakeszi_audit_ws/Dunakeszi_VIDEÓ/VIDEO_IPHONE/IMG_3024.MOV,Dunakeszi_VIDEÓ/VIDEO_IPHONE/IMG_3024.MOV,IMG_3024.MOV,IMG_3024,.mov,Dunakeszi_VIDEÓ,VIDEO_IPHONE,2,12697098,12399.509765625,12.108896255493164,2026-03-22T23:22:21.246898,video,False,7a05dd2a6049
/home/tildai/Desktop/Development/drone-detection-api/deployment/v2/dunakeszi_data/audit/dunakeszi_audit_ws/Dunakeszi_VIDEÓ/VIDEO_IPHONE/IMG_3033.MOV,Dunakeszi_VIDEÓ/VIDEO_IPHONE/IMG_3033.MOV,IMG_3033.MOV,IMG_3033,.mov,Dunakeszi_VIDEÓ,VIDEO_IPHONE,2,4390106,4287.212890625,4.186731338500977,2026-03-22T23:22:21.447898,video,False,8afc16dc3b83
/home/tildai/Desktop/Development/drone-detection-api/deployment/v2/dunakeszi_data/audit/dunakeszi_audit_ws/Dunakeszi_VIDEÓ/VIDEO_IPHONE/IMG_3038.MOV,Dunakeszi_VIDEÓ/VIDEO_IPHONE/IMG_3038.MOV,IMG_3038.MOV,IMG_3038,.mov,Dunakeszi_VIDEÓ,VIDEO_IPHONE,2,70595651,68941.0654296875,67.3252592086792,2026-03-22T23:22:24.690898,video,False,91d87e1c8b98
/home/tildai/Desktop/Development/drone-detection-api/deployment/v2/dunakeszi_data/audit/dunakeszi_audit_ws/Dunakeszi_VIDEÓ/VIDEO_IPHONE/IMG_3039.MOV,Dunakeszi_VIDEÓ/VIDEO_IPHONE/IMG_3039.MOV,IMG_3039.MOV,IMG_3039,.mov,Dunakeszi_VIDEÓ,VIDEO_IPHONE,2,76632677,74836.5986328125,73.08261585235596,2026-03-22T23:22:28.318898,video,False,60b00e04946f
/home/tildai/Desktop/Development/drone-detection-api/deployment/v2/dunakeszi_data/audit/dunakeszi_audit_ws/Dunakeszi_VIDEÓ/VIDEO_IPHONE/IMG_3040.MOV,Dunakeszi_VIDEÓ/VIDEO_IPHONE/IMG_3040.MOV,IMG_3040.MOV,IMG_3040,.mov,Dunakeszi_VIDEÓ,VIDEO_IPHONE,2,24268250,23699.462890625,23.144006729125977,2026-03-22T23:22:29.729898,video,False,77d8ac91da1c
/home/tildai/Desktop/Development/drone-detection-api/deployment/v2/dunakeszi_data/audit/dunakeszi_audit_ws/Dunakeszi_VIDEÓ/VIDEO_IPHONE/IMG_3041.MOV,Dunakeszi_VIDEÓ/VIDEO_IPHONE/IMG_3041.MOV,IMG_3041.MOV,IMG_3041,.mov,Dunakeszi_VIDEÓ,VIDEO_IPHONE,2,284652819,277981.2685546875,271.466082572937,2026-03-22T23:22:46.381897,video,False,542b57971494
/home/tildai/Desktop/Development/drone-detection-api/deployment/v2/dunakeszi_data/audit/dunakeszi_audit_ws/Dunakeszi_VIDEÓ/VIDEO_IPHONE/IMG_3042.MOV,Dunakeszi_VIDEÓ/VIDEO_IPHONE/IMG_3042.MOV,IMG_3042.MOV,IMG_3042,.mov,Dunakeszi_VIDEÓ,VIDEO_IPHONE,2,147479656,144023.1015625,140.6475601196289,2026-03-22T23:22:54.065897,video,False,e95bed0ad3ab
/home/tildai/Desktop/Development/drone-detection-api/deployment/v2/dunakeszi_data/audit/dunakeszi_audit_ws/Dunakeszi_VIDEÓ/VIDEO_IPHONE/IMG_3046.MOV,Dunakeszi_VIDEÓ/VIDEO_IPHONE/IMG_3046.MOV,IMG_3046.MOV,IMG_3046,.mov,Dunakeszi_VIDEÓ,VIDEO_IPHONE,2,287990645,281240.8642578125,274.64928150177,2026-03-22T23:23:06.395897,video,False,0216651b1fb4
/home/tildai/Desktop/Development/drone-detection-api/deployment/v2/dunakeszi_data/audit/dunakeszi_audit_ws/Dunakeszi_VIDEÓ/VIDEO_IPHONE/IMG_3047.MOV,Dunakeszi_VIDEÓ/VIDEO_IPHONE/IMG_3047.MOV,IMG_3047.MOV,IMG_3047,.mov,Dunakeszi_VIDEÓ,VIDEO_IPHONE,2,48915180,47768.73046875,46.64915084838867,2026-03-22T23:23:08.289897,video,False,e48f18e46605
/home/tildai/Desktop/Development/drone-detection-api/deployment/v2/dunakeszi_data/audit/dunakeszi_audit_ws/Dunakeszi_VIDEÓ/VIDEO_IPHONE/IMG_3048.MOV,Dunakeszi_VIDEÓ/VIDEO_IPHONE/IMG_3048.MOV,IMG_3048.MOV,IMG_3048,.mov,Dunakeszi_VIDEÓ,VIDEO_IPHONE,2,126711041,123741.2509765625,120.84106540679932,2026-03-22T23:23:15.100896,video,False,d55ddcf03375
/home/tildai/Desktop/Development/drone-detection-api/deployment/v2/dunakeszi_data/audit/dunakeszi_audit_ws/Dunakeszi_VIDEÓ/VIDEO_OPPO/VID20251020132658.mp4,Dunakeszi_VIDEÓ/VIDEO_OPPO/VID20251020132658.mp4,VID20251020132658.mp4,VID20251020132658,.mp4,Dunakeszi_VIDEÓ,VIDEO_OPPO,2,50570630,49385.380859375,48.2279109954834,2026-03-22T23:23:18.251896,video,False,980edac368d9
/home/tildai/Desktop/Development/drone-detection-api/deployment/v2/dunakeszi_data/audit/dunakeszi_audit_ws/Dunakeszi_VIDEÓ/VIDEO_OPPO/VID20251020133556.mp4,Dunakeszi_VIDEÓ/VIDEO_OPPO/VID20251020133556.mp4,VID20251020133556.mp4,VID20251020133556,.mp4,Dunakeszi_VIDEÓ,VIDEO_OPPO,2,19907015,19440.4443359375,18.984808921813965,2026-03-22T23:23:19.143896,video,False,42121446d1aa
/home/tildai/Desktop/Development/drone-detection-api/deployment/v2/dunakeszi_data/audit/dunakeszi_audit_ws/Dunakeszi_VIDEÓ/VIDEO_OPPO/VID20251020133610.mp4,Dunakeszi_VIDEÓ/VIDEO_OPPO/VID20251020133610.mp4,VID20251020133610.mp4,VID20251020133610,.mp4,Dunakeszi_VIDEÓ,VIDEO_OPPO,2,24089375,23524.7802734375,22.97341823577881,2026-03-22T23:23:20.115896,video,False,990f45725568
/home/tildai/Desktop/Development/drone-detection-api/deployment/v2/dunakeszi_data/audit/dunakeszi_audit_ws/Dunakeszi_VIDEÓ/VIDEO_OPPO/VID20251020133645.mp4,Dunakeszi_VIDEÓ/VIDEO_OPPO/VID20251020133645.mp4,VID20251020133645.mp4,VID20251020133645,.mp4,Dunakeszi_VIDEÓ,VIDEO_OPPO,2,199985331,195298.1748046875,190.72087383270264,2026-03-22T23:23:28.611896,video,False,ee4d39ae0fad
/home/tildai/Desktop/Development/drone-detection-api/deployment/v2/dunakeszi_data/audit/dunakeszi_audit_ws/Dunakeszi_VIDEÓ/VIDEO_OPPO/VID20251020140955.mp4,Dunakeszi_VIDEÓ/VIDEO_OPPO/VID20251020140955.mp4,VID20251020140955.mp4,VID20251020140955,.mp4,Dunakeszi_VIDEÓ,VIDEO_OPPO,2,38104381,37211.3095703125,36.3391695022583,2026-03-22T23:23:30.525896,video,False,f07f750c0409
/home/tildai/Desktop/Development/drone-detection-api/deployment/v2/dunakeszi_data/audit/dunakeszi_audit_ws/Dunakeszi_VIDEÓ/VIDEO_OPPO/VID20251020144219.mp4,Dunakeszi_VIDEÓ/VIDEO_OPPO/VID20251020144219.mp4,VID20251020144219.mp4,VID20251020144219,.mp4,Dunakeszi_VIDEÓ,VIDEO_OPPO,2,60980570,59551.337890625,58.15560340881348,2026-03-22T23:23:33.290896,video,False,5d27df693365
/home/tildai/Desktop/Development/drone-detection-api/deployment/v2/dunakeszi_data/audit/dunakeszi_audit_ws/Dunakeszi_VIDEÓ/VIDEO_OPPO/VID20251020152706.mp4,Dunakeszi_VIDEÓ/VIDEO_OPPO/VID20251020152706.mp4,VID20251020152706.mp4,VID20251020152706,.mp4,Dunakeszi_VIDEÓ,VIDEO_OPPO,2,123286809,120397.2744140625,117.57546329498291,2026-03-22T23:23:39.054896,video,False,9c4d31ade839
/home/tildai/Desktop/Development/drone-detection-api/deployment/v2/dunakeszi_data/audit/dunakeszi_audit_ws/Dunakeszi_VIDEÓ/VIDEO_OPPO/VID20251020154248.mp4,Dunakeszi_VIDEÓ/VIDEO_OPPO/VID20251020154248.mp4,VID20251020154248.mp4,VID20251020154248,.mp4,Dunakeszi_VIDEÓ,VIDEO_OPPO,2,116098119,113377.0693359375,110.71979427337646,2026-03-22T23:23:43.854896,video,False,98926dbc37a0
/home/tildai/Desktop/Development/drone-detection-api/deployment/v2/dunakeszi_data/audit/dunakeszi_audit_ws/Dunakeszi_VIDEÓ/VIDEO_OPPO/VID20251020154800.mp4,Dunakeszi_VIDEÓ/VIDEO_OPPO/VID20251020154800.mp4,VID20251020154800.mp4,VID20251020154800,.mp4,Dunakeszi_VIDEÓ,VIDEO_OPPO,2,68565821,66958.8095703125,65.3894624710083,2026-03-22T23:23:46.295896,video,False,5389d6316e86
/home/tildai/Desktop/Development/drone-detection-api/deployment/v2/dunakeszi_data/audit/dunakeszi_audit_ws/Dunakeszi_VIDEÓ/VIDEO_OPPO/VID20251020155721.mp4,Dunakeszi_VIDEÓ/VIDEO_OPPO/VID20251020155721.mp4,VID20251020155721.mp4,VID20251020155721,.mp4,Dunakeszi_VIDEÓ,VIDEO_OPPO,2,220164074,215003.978515625,209.96482276916504,2026-03-22T23:23:55.357895,video,False,d205414a3c4d
/home/tildai/Desktop/Development/drone-detection-api/deployment/v2/dunakeszi_data/audit/dunakeszi_audit_ws/Dunakeszi_VIDEÓ/VIDEO_OPPO/VID20251020161118.mp4,Dunakeszi_VIDEÓ/VIDEO_OPPO/VID20251020161118.mp4,VID20251020161118.mp4,VID20251020161118,.mp4,Dunakeszi_VIDEÓ,VIDEO_OPPO,2,176196092,172066.49609375,168.03368759155273,2026-03-22T23:24:02.004895,video,False,b11c4148a1d0
