bucket,segment_name,segment_path,segment_sha1,source_file,source_group,source_sha1
clean,DJI_drones_noise_comparson_seg_019_0069497_0073497_0001000_0004000_seg_001_0000000_0003120.wav,output_v4/clean_drone_segments/DJI_drones_noise_comparson_seg_019_0069497_0073497_0001000_0004000_seg_001_0000000_0003120.wav,1f9dde90f2e61eae4d4b74d8c8355995015a798c,source/DJI_drones_noise_comparson_seg_019_0069497_0073497_0001000_0004000.wav,dji_drones_noise_comparson_seg_019_0069497_0073497_0001000_0004000,aac81f39a3b994022eff225920d43020b9f24a2a
quarantine_uncertain,Drone_Noise_Test_-_DJI_Avata_vs_DJI_FPV_vs_DJI_Mavic_3_vs_DJI_Air_2S_compared_seg_008_0025578_0029578_0001000_0004000_seg_001_0000000_0002769.wav,output_v4/quarantine_uncertain/Drone_Noise_Test_-_DJI_Avata_vs_DJI_FPV_vs_DJI_Mavic_3_vs_DJI_Air_2S_compared_seg_008_0025578_0029578_0001000_0004000_seg_001_0000000_0002769.wav,5b24fa96544776734fddecb0b9033853e5ae40b7,source/Drone_Noise_Test_-_DJI_Avata_vs_DJI_FPV_vs_DJI_Mavic_3_vs_DJI_Air_2S_compared_seg_008_0025578_0029578_0001000_0004000.wav,drone_noise_test_-_dji_avata_vs_dji_fpv_vs_dji_mavic_3_vs_dji_air_2s_compared_seg_008_0025578_0029578_0001000_0004000,6357f70827f4ed8c6c9477d6ebac5dbf079eb896
clean,DJI_drones_noise_comparson_seg_003_0016229_0020229_0001000_0004000_seg_001_0000000_0003120.wav,output_v4/clean_drone_segments/DJI_drones_noise_comparson_seg_003_0016229_0020229_0001000_0004000_seg_001_0000000_0003120.wav,3c7fe7fe41c031a8547d5051c328686241034118,source/DJI_drones_noise_comparson_seg_003_0016229_0020229_0001000_0004000.wav,dji_drones_noise_comparson_seg_003_0016229_0020229_0001000_0004000,2f39ec5b5048032c0f50f80f5b7fb3c6052ca771
quarantine_uncertain,DJI_drones_noise_comparson_seg_021_0076997_0080997_0001000_0004000_seg_001_0001629_0003120.wav,output_v4/quarantine_uncertain/DJI_drones_noise_comparson_seg_021_0076997_0080997_0001000_0004000_seg_001_0001629_0003120.wav,c840ad6445052efda51941f4cbe319669c1283a0,source/DJI_drones_noise_comparson_seg_021_0076997_0080997_0001000_0004000.wav,dji_drones_noise_comparson_seg_021_0076997_0080997_0001000_0004000,e735a32b83c96d12b1abc6e3e3c0688478c55158
clean,DJI_drones_noise_comparson_seg_017_0061997_0065997_0001000_0004000_seg_001_0000000_0003120.wav,output_v4/clean_drone_segments/DJI_drones_noise_comparson_seg_017_0061997_0065997_0001000_0004000_seg_001_0000000_0003120.wav,7f2c3a4b1f9a92f36f957eef03c060c8f47827cd,source/DJI_drones_noise_comparson_seg_017_0061997_0065997_0001000_0004000.wav,dji_drones_noise_comparson_seg_017_0061997_0065997_0001000_0004000,f3f92cafe4a8db05a9ebb021e7f4e5d39f6b38a4
clean,Drone_Noise_Test_-_DJI_Avata_vs_DJI_FPV_vs_DJI_Mavic_3_vs_DJI_Air_2S_compared_seg_013_0044328_0048328_0001600_0004000_seg_001_0000229_0002520.wav,output_v4/clean_drone_segments/Drone_Noise_Test_-_DJI_Avata_vs_DJI_FPV_vs_DJI_Mavic_3_vs_DJI_Air_2S_compared_seg_013_0044328_0048328_0001600_0004000_seg_001_0000229_0002520.wav,9ebe38b367782fb530081afe12546b57008a6c3d,source/Drone_Noise_Test_-_DJI_Avata_vs_DJI_FPV_vs_DJI_Mavic_3_vs_DJI_Air_2S_compared_seg_013_0044328_0048328_0001600_0004000.wav,drone_noise_test_-_dji_avata_vs_dji_fpv_vs_dji_mavic_3_vs_dji_air_2s_compared_seg_013_0044328_0048328_0001600_0004000,28217ac7db96c5a09164e3edf9f97564f85caaa9
clean,Drone_Noise_Test_-_DJI_Avata_vs_DJI_FPV_vs_DJI_Mavic_3_vs_DJI_Air_2S_compared_seg_015_0051828_0055828_0001000_0004000_seg_001_0000000_0003120.wav,output_v4/clean_drone_segments/Drone_Noise_Test_-_DJI_Avata_vs_DJI_FPV_vs_DJI_Mavic_3_vs_DJI_Air_2S_compared_seg_015_0051828_0055828_0001000_0004000_seg_001_0000000_0003120.wav,04bbf8051a5907352ee2864bb2fad3de0ae7dd60,source/Drone_Noise_Test_-_DJI_Avata_vs_DJI_FPV_vs_DJI_Mavic_3_vs_DJI_Air_2S_compared_seg_015_0051828_0055828_0001000_0004000.wav,drone_noise_test_-_dji_avata_vs_dji_fpv_vs_dji_mavic_3_vs_dji_air_2s_compared_seg_015_0051828_0055828_0001000_0004000,3e1e4bf1b4c0a80736835bf3c029bc082cc0c4f2
clean,Drone_Noise_Test_-_DJI_Avata_vs_DJI_FPV_vs_DJI_Mavic_3_vs_DJI_Air_2S_compared_seg_016_0055578_0059466_0001000_0003529_seg_001_0000000_0002649.wav,output_v4/clean_drone_segments/Drone_Noise_Test_-_DJI_Avata_vs_DJI_FPV_vs_DJI_Mavic_3_vs_DJI_Air_2S_compared_seg_016_0055578_0059466_0001000_0003529_seg_001_0000000_0002649.wav,472ac852956544d7a463d9ffbb81322d381be606,source/Drone_Noise_Test_-_DJI_Avata_vs_DJI_FPV_vs_DJI_Mavic_3_vs_DJI_Air_2S_compared_seg_016_0055578_0059466_0001000_0003529.wav,drone_noise_test_-_dji_avata_vs_dji_fpv_vs_dji_mavic_3_vs_dji_air_2s_compared_seg_016_0055578_0059466_0001000_0003529,cba3129f76a0f700516b30b876e7d66cbcd4e265
clean,Drone_Noise_Test_-_DJI_Avata_vs_DJI_FPV_vs_DJI_Mavic_3_vs_DJI_Air_2S_compared_seg_014_0048048_0052048_0001000_0004000_seg_001_0000000_0003120.wav,output_v4/clean_drone_segments/Drone_Noise_Test_-_DJI_Avata_vs_DJI_FPV_vs_DJI_Mavic_3_vs_DJI_Air_2S_compared_seg_014_0048048_0052048_0001000_0004000_seg_001_0000000_0003120.wav,0799d56c2b5d70f7706aa7806254045c723e487d,source/Drone_Noise_Test_-_DJI_Avata_vs_DJI_FPV_vs_DJI_Mavic_3_vs_DJI_Air_2S_compared_seg_014_0048048_0052048_0001000_0004000.wav,drone_noise_test_-_dji_avata_vs_dji_fpv_vs_dji_mavic_3_vs_dji_air_2s_compared_seg_014_0048048_0052048_0001000_0004000,978978d9558e729581aa7437908f282d4e779c8f
quarantine_uncertain,Drone_Noise_Test_-_DJI_Avata_vs_DJI_FPV_vs_DJI_Mavic_3_vs_DJI_Air_2S_compared_seg_008_0025548_0029548_0002000_0004000_seg_001_0000000_0001719.wav,output_v4/quarantine_uncertain/Drone_Noise_Test_-_DJI_Avata_vs_DJI_FPV_vs_DJI_Mavic_3_vs_DJI_Air_2S_compared_seg_008_0025548_0029548_0002000_0004000_seg_001_0000000_0001719.wav,b3c15d2f3e8aac95c2f2697ef9fbe23390d410cf,source/Drone_Noise_Test_-_DJI_Avata_vs_DJI_FPV_vs_DJI_Mavic_3_vs_DJI_Air_2S_compared_seg_008_0025548_0029548_0002000_0004000.wav,drone_noise_test_-_dji_avata_vs_dji_fpv_vs_dji_mavic_3_vs_dji_air_2s_compared_seg_008_0025548_0029548_0002000_0004000,b95bdc25c86545b52e0a491f51e785feea2456aa
clean,Drone_Noise_Test_-_DJI_Avata_vs_DJI_FPV_vs_DJI_Mavic_3_vs_DJI_Air_2S_compared_seg_011_0036828_0040828_0001000_0004000_seg_001_0000000_0003120.wav,output_v4/clean_drone_segments/Drone_Noise_Test_-_DJI_Avata_vs_DJI_FPV_vs_DJI_Mavic_3_vs_DJI_Air_2S_compared_seg_011_0036828_0040828_0001000_0004000_seg_001_0000000_0003120.wav,d21b8e3e3c1a64e9a962a4e28a4c987decaa3fa9,source/Drone_Noise_Test_-_DJI_Avata_vs_DJI_FPV_vs_DJI_Mavic_3_vs_DJI_Air_2S_compared_seg_011_0036828_0040828_0001000_0004000.wav,drone_noise_test_-_dji_avata_vs_dji_fpv_vs_dji_mavic_3_vs_dji_air_2s_compared_seg_011_0036828_0040828_0001000_0004000,74d27387b343b2413dd6d100d1a6ab72450c5942
clean,Drone_Noise_Test_-_DJI_Avata_vs_DJI_FPV_vs_DJI_Mavic_3_vs_DJI_Air_2S_compared_seg_014_0048078_0052078_0001000_0004000_seg_001_0000000_0003120.wav,output_v4/clean_drone_segments/Drone_Noise_Test_-_DJI_Avata_vs_DJI_FPV_vs_DJI_Mavic_3_vs_DJI_Air_2S_compared_seg_014_0048078_0052078_0001000_0004000_seg_001_0000000_0003120.wav,84cc6c0c4ef125565c3ee1b691e47eea1b236efe,source/Drone_Noise_Test_-_DJI_Avata_vs_DJI_FPV_vs_DJI_Mavic_3_vs_DJI_Air_2S_compared_seg_014_0048078_0052078_0001000_0004000.wav,drone_noise_test_-_dji_avata_vs_dji_fpv_vs_dji_mavic_3_vs_dji_air_2s_compared_seg_014_0048078_0052078_0001000_0004000,290fc09a42f70edf34560cdc39de628ac39df2cd
clean,Drone_Noise_Test_-_DJI_Avata_vs_DJI_FPV_vs_DJI_Mavic_3_vs_DJI_Air_2S_compared_seg_012_0040548_0044548_0001000_0004000_seg_001_0000000_0003120.wav,output_v4/clean_drone_segments/Drone_Noise_Test_-_DJI_Avata_vs_DJI_FPV_vs_DJI_Mavic_3_vs_DJI_Air_2S_compared_seg_012_0040548_0044548_0001000_0004000_seg_001_0000000_0003120.wav,b18d874e0f66ce1e4a2d4b898b85d8e4f40a24f4,source/Drone_Noise_Test_-_DJI_Avata_vs_DJI_FPV_vs_DJI_Mavic_3_vs_DJI_Air_2S_compared_seg_012_0040548_0044548_0001000_0004000.wav,drone_noise_test_-_dji_avata_vs_dji_fpv_vs_dji_mavic_3_vs_dji_air_2s_compared_seg_012_0040548_0044548_0001000_0004000,b4f17527a6de52abd63a5a74b57811492c4a29af
clean,Drone_Noise_Test_-_DJI_Avata_vs_DJI_FPV_vs_DJI_Mavic_3_vs_DJI_Air_2S_compared_seg_007_0021798_0025798_0002000_0003976_seg_001_0000000_0002096.wav,output_v4/clean_drone_segments/Drone_Noise_Test_-_DJI_Avata_vs_DJI_FPV_vs_DJI_Mavic_3_vs_DJI_Air_2S_compared_seg_007_0021798_0025798_0002000_0003976_seg_001_0000000_0002096.wav,7e94fc36cc6fb48d4954f7621cc729e98c314a90,source/Drone_Noise_Test_-_DJI_Avata_vs_DJI_FPV_vs_DJI_Mavic_3_vs_DJI_Air_2S_compared_seg_007_0021798_0025798_0002000_0003976.wav,drone_noise_test_-_dji_avata_vs_dji_fpv_vs_dji_mavic_3_vs_dji_air_2s_compared_seg_007_0021798_0025798_0002000_0003976,13b18b5ce0992d553d756cd6a776ff47c5548fc6
clean,DJI_drones_noise_comparson_seg_020_0073247_0077247_0001000_0004000_seg_001_0000000_0003120.wav,output_v4/clean_drone_segments/DJI_drones_noise_comparson_seg_020_0073247_0077247_0001000_0004000_seg_001_0000000_0003120.wav,ed13980c34ff87f01c3468d28b8e697989d51734,source/DJI_drones_noise_comparson_seg_020_0073247_0077247_0001000_0004000.wav,dji_drones_noise_comparson_seg_020_0073247_0077247_0001000_0004000,57416bcf35f824f59b37d5cbb5f59efda1ec4643
clean,Drone_Noise_Test_-_DJI_Avata_vs_DJI_FPV_vs_DJI_Mavic_3_vs_DJI_Air_2S_compared_seg_009_0029298_0033298_0001000_0003200_seg_001_0000000_0002069.wav,output_v4/clean_drone_segments/Drone_Noise_Test_-_DJI_Avata_vs_DJI_FPV_vs_DJI_Mavic_3_vs_DJI_Air_2S_compared_seg_009_0029298_0033298_0001000_0003200_seg_001_0000000_0002069.wav,6d8843eb67b690ab98b554eade54b0f94a7880ef,source/Drone_Noise_Test_-_DJI_Avata_vs_DJI_FPV_vs_DJI_Mavic_3_vs_DJI_Air_2S_compared_seg_009_0029298_0033298_0001000_0003200.wav,drone_noise_test_-_dji_avata_vs_dji_fpv_vs_dji_mavic_3_vs_dji_air_2s_compared_seg_009_0029298_0033298_0001000_0003200,48c5b2f92f8adbc094d67652e699a1583a87768c
quarantine_uncertain,DJI_drones_noise_comparson_seg_007_0026698_0029748_0001000_0002856_seg_001_0000000_0001976.wav,output_v4/quarantine_uncertain/DJI_drones_noise_comparson_seg_007_0026698_0029748_0001000_0002856_seg_001_0000000_0001976.wav,3b04fc4f3445ef714f77f25fb605162c7617f6b3,source/DJI_drones_noise_comparson_seg_007_0026698_0029748_0001000_0002856.wav,dji_drones_noise_comparson_seg_007_0026698_0029748_0001000_0002856,ea507733bfc6c02ce96e69a55e5894df664639f5
clean,Drone_Noise_Test_-_DJI_Avata_vs_DJI_FPV_vs_DJI_Mavic_3_vs_DJI_Air_2S_compared_seg_003_0008399_0012399_0001000_0004000_seg_001_0000000_0003120.wav,output_v4/clean_drone_segments/Drone_Noise_Test_-_DJI_Avata_vs_DJI_FPV_vs_DJI_Mavic_3_vs_DJI_Air_2S_compared_seg_003_0008399_0012399_0001000_0004000_seg_001_0000000_0003120.wav,68cb741d5913b43f02b1d089338977543e440467,source/Drone_Noise_Test_-_DJI_Avata_vs_DJI_FPV_vs_DJI_Mavic_3_vs_DJI_Air_2S_compared_seg_003_0008399_0012399_0001000_0004000.wav,drone_noise_test_-_dji_avata_vs_dji_fpv_vs_dji_mavic_3_vs_dji_air_2s_compared_seg_003_0008399_0012399_0001000_0004000,3b93f240851ea9427850accff77c7b365a66271f
clean,Drone_Noise_Test_-_DJI_Avata_vs_DJI_FPV_vs_DJI_Mavic_3_vs_DJI_Air_2S_compared_seg_010_0033048_0037048_0001200_0004000_seg_001_0000000_0002920.wav,output_v4/clean_drone_segments/Drone_Noise_Test_-_DJI_Avata_vs_DJI_FPV_vs_DJI_Mavic_3_vs_DJI_Air_2S_compared_seg_010_0033048_0037048_0001200_0004000_seg_001_0000000_0002920.wav,28bea792acdac12dd873c91a8572b405f7ae4e79,source/Drone_Noise_Test_-_DJI_Avata_vs_DJI_FPV_vs_DJI_Mavic_3_vs_DJI_Air_2S_compared_seg_010_0033048_0037048_0001200_0004000.wav,drone_noise_test_-_dji_avata_vs_dji_fpv_vs_dji_mavic_3_vs_dji_air_2s_compared_seg_010_0033048_0037048_0001200_0004000,9317fb6776f87370a53fc1fb76e03c381278eacc
clean,Drone_Noise_Test_-_DJI_Avata_vs_DJI_FPV_vs_DJI_Mavic_3_vs_DJI_Air_2S_compared_seg_004_0012149_0016149_0001000_0004000_seg_001_0000000_0003120.wav,output_v4/clean_drone_segments/Drone_Noise_Test_-_DJI_Avata_vs_DJI_FPV_vs_DJI_Mavic_3_vs_DJI_Air_2S_compared_seg_004_0012149_0016149_0001000_0004000_seg_001_0000000_0003120.wav,a6bc2837da695f59af70e60aba35d705610fca3d,source/Drone_Noise_Test_-_DJI_Avata_vs_DJI_FPV_vs_DJI_Mavic_3_vs_DJI_Air_2S_compared_seg_004_0012149_0016149_0001000_0004000.wav,drone_noise_test_-_dji_avata_vs_dji_fpv_vs_dji_mavic_3_vs_dji_air_2s_compared_seg_004_0012149_0016149_0001000_0004000,72a8c2271807e16525294eb55aacc8b202cdf139
clean,Drone_Noise_Test_-_DJI_Avata_vs_DJI_FPV_vs_DJI_Mavic_3_vs_DJI_Air_2S_compared_seg_011_0036798_0040798_0001000_0004000_seg_001_0000000_0003120.wav,output_v4/clean_drone_segments/Drone_Noise_Test_-_DJI_Avata_vs_DJI_FPV_vs_DJI_Mavic_3_vs_DJI_Air_2S_compared_seg_011_0036798_0040798_0001000_0004000_seg_001_0000000_0003120.wav,376a627d4c9a0c062bcb91eee4e8342fa0dd3a7d,source/Drone_Noise_Test_-_DJI_Avata_vs_DJI_FPV_vs_DJI_Mavic_3_vs_DJI_Air_2S_compared_seg_011_0036798_0040798_0001000_0004000.wav,drone_noise_test_-_dji_avata_vs_dji_fpv_vs_dji_mavic_3_vs_dji_air_2s_compared_seg_011_0036798_0040798_0001000_0004000,4ea6ed6213ef7774b11897514049c7aba49fcc12
clean,DJI_drones_noise_comparson_seg_018_0065747_0069747_0001000_0004000_seg_001_0000000_0003120.wav,output_v4/clean_drone_segments/DJI_drones_noise_comparson_seg_018_0065747_0069747_0001000_0004000_seg_001_0000000_0003120.wav,d6cf713badac31d5cda09b5c1e6099b12bfc6993,source/DJI_drones_noise_comparson_seg_018_0065747_0069747_0001000_0004000.wav,dji_drones_noise_comparson_seg_018_0065747_0069747_0001000_0004000,38c7856e754baf087dfb615bfaea13dc5ae485e3
clean,Drone_Noise_Test_-_DJI_Avata_vs_DJI_FPV_vs_DJI_Mavic_3_vs_DJI_Air_2S_compared_seg_013_0044298_0048298_0001700_0004000_seg_001_0000229_0002420.wav,output_v4/clean_drone_segments/Drone_Noise_Test_-_DJI_Avata_vs_DJI_FPV_vs_DJI_Mavic_3_vs_DJI_Air_2S_compared_seg_013_0044298_0048298_0001700_0004000_seg_001_0000229_0002420.wav,9745b41091f7012b893624337fc7a21b6cd639f3,source/Drone_Noise_Test_-_DJI_Avata_vs_DJI_FPV_vs_DJI_Mavic_3_vs_DJI_Air_2S_compared_seg_013_0044298_0048298_0001700_0004000.wav,drone_noise_test_-_dji_avata_vs_dji_fpv_vs_dji_mavic_3_vs_dji_air_2s_compared_seg_013_0044298_0048298_0001700_0004000,43f83639f49ee8a7e692b23eae4ec44de398092e
clean,Drone_Noise_Test_-_DJI_Avata_vs_DJI_FPV_vs_DJI_Mavic_3_vs_DJI_Air_2S_compared_seg_015_0051798_0055798_0001000_0004000_seg_001_0000000_0003120.wav,output_v4/clean_drone_segments/Drone_Noise_Test_-_DJI_Avata_vs_DJI_FPV_vs_DJI_Mavic_3_vs_DJI_Air_2S_compared_seg_015_0051798_0055798_0001000_0004000_seg_001_0000000_0003120.wav,e115299fdf41556e26fbcb81186a4eb2b90f4e66,source/Drone_Noise_Test_-_DJI_Avata_vs_DJI_FPV_vs_DJI_Mavic_3_vs_DJI_Air_2S_compared_seg_015_0051798_0055798_0001000_0004000.wav,drone_noise_test_-_dji_avata_vs_dji_fpv_vs_dji_mavic_3_vs_dji_air_2s_compared_seg_015_0051798_0055798_0001000_0004000,d9b99ee43c53dc114bcc610af30e601dd2d7126b
clean,DJI_drones_noise_comparson_seg_004_0015849_0019849_0001200_0004000_seg_001_0000000_0002920.wav,output_v4/clean_drone_segments/DJI_drones_noise_comparson_seg_004_0015849_0019849_0001200_0004000_seg_001_0000000_0002920.wav,a7b62a25a7e5074719973c40566c8343ca674872,source/DJI_drones_noise_comparson_seg_004_0015849_0019849_0001200_0004000.wav,dji_drones_noise_comparson_seg_004_0015849_0019849_0001200_0004000,4ce985f754de10dc5617f2815ab795f7096fb444
clean,Drone_Noise_Test_-_DJI_Avata_vs_DJI_FPV_vs_DJI_Mavic_3_vs_DJI_Air_2S_compared_seg_016_0055548_0059548_0001000_0003500_seg_001_0000000_0002620.wav,output_v4/clean_drone_segments/Drone_Noise_Test_-_DJI_Avata_vs_DJI_FPV_vs_DJI_Mavic_3_vs_DJI_Air_2S_compared_seg_016_0055548_0059548_0001000_0003500_seg_001_0000000_0002620.wav,65ce74bef70c9517fc82339923a7a5cf3a6b9c0f,source/Drone_Noise_Test_-_DJI_Avata_vs_DJI_FPV_vs_DJI_Mavic_3_vs_DJI_Air_2S_compared_seg_016_0055548_0059548_0001000_0003500.wav,drone_noise_test_-_dji_avata_vs_dji_fpv_vs_dji_mavic_3_vs_dji_air_2s_compared_seg_016_0055548_0059548_0001000_0003500,3d4fdf049b46572af9545b948d9f524f71245d39
clean,DJI_drones_noise_comparson_seg_010_0037798_0041798_0001000_0003088_seg_001_0000000_0002208.wav,output_v4/clean_drone_segments/DJI_drones_noise_comparson_seg_010_0037798_0041798_0001000_0003088_seg_001_0000000_0002208.wav,1c962ec3dd1d9fb397f29eadabb6621ca4b6aa4d,source/DJI_drones_noise_comparson_seg_010_0037798_0041798_0001000_0003088.wav,dji_drones_noise_comparson_seg_010_0037798_0041798_0001000_0003088,5205d4f7fcaef0a14960a06c9106e3f957d4fc71
clean,klemenflerin-drone-fly-397287_0010000_0247920_seg_001_0000000_0004000.wav,output_v4/clean_drone_segments/klemenflerin-drone-fly-397287_0010000_0247920_seg_001_0000000_0004000.wav,07bc34d0881dfb47950461e803b3a016f53b1e79,source/klemenflerin-drone-fly-397287_0010000_0247920.wav,klemenflerin-drone-fly-397287_0010000_0247920,869989bdb687f76d5300c16c349afaf8a182ea63
clean,klemenflerin-drone-fly-397287_0010000_0247920_seg_002_0003750_0007750.wav,output_v4/clean_drone_segments/klemenflerin-drone-fly-397287_0010000_0247920_seg_002_0003750_0007750.wav,19e56037cc8009dce1a13d1e82307dd5d8d79d55,source/klemenflerin-drone-fly-397287_0010000_0247920.wav,klemenflerin-drone-fly-397287_0010000_0247920,869989bdb687f76d5300c16c349afaf8a182ea63
clean,klemenflerin-drone-fly-397287_0010000_0247920_seg_003_0007500_0011500.wav,output_v4/clean_drone_segments/klemenflerin-drone-fly-397287_0010000_0247920_seg_003_0007500_0011500.wav,fc91275186796a02c71324b6a7b1d980d4cb992f,source/klemenflerin-drone-fly-397287_0010000_0247920.wav,klemenflerin-drone-fly-397287_0010000_0247920,869989bdb687f76d5300c16c349afaf8a182ea63
clean,klemenflerin-drone-fly-397287_0010000_0247920_seg_004_0011250_0015250.wav,output_v4/clean_drone_segments/klemenflerin-drone-fly-397287_0010000_0247920_seg_004_0011250_0015250.wav,38ae7601b42ad1d0cc2caf49025c75d29e9ea44b,source/klemenflerin-drone-fly-397287_0010000_0247920.wav,klemenflerin-drone-fly-397287_0010000_0247920,869989bdb687f76d5300c16c349afaf8a182ea63
clean,klemenflerin-drone-fly-397287_0010000_0247920_seg_005_0015000_0019000.wav,output_v4/clean_drone_segments/klemenflerin-drone-fly-397287_0010000_0247920_seg_005_0015000_0019000.wav,52cb9729138456e0b9041bcffdca353da9b481c5,source/klemenflerin-drone-fly-397287_0010000_0247920.wav,klemenflerin-drone-fly-397287_0010000_0247920,869989bdb687f76d5300c16c349afaf8a182ea63
clean,klemenflerin-drone-fly-397287_0010000_0247920_seg_006_0018750_0022750.wav,output_v4/clean_drone_segments/klemenflerin-drone-fly-397287_0010000_0247920_seg_006_0018750_0022750.wav,063951cd4084460ba1ba39df9f1f2c10763ff3f8,source/klemenflerin-drone-fly-397287_0010000_0247920.wav,klemenflerin-drone-fly-397287_0010000_0247920,869989bdb687f76d5300c16c349afaf8a182ea63
clean,klemenflerin-drone-fly-397287_0010000_0247920_seg_007_0022500_0026500.wav,output_v4/clean_drone_segments/klemenflerin-drone-fly-397287_0010000_0247920_seg_007_0022500_0026500.wav,ffe85d8b54958e0f58630f3182453cc1c444eb61,source/klemenflerin-drone-fly-397287_0010000_0247920.wav,klemenflerin-drone-fly-397287_0010000_0247920,869989bdb687f76d5300c16c349afaf8a182ea63
clean,klemenflerin-drone-fly-397287_0010000_0247920_seg_008_0026250_0030250.wav,output_v4/clean_drone_segments/klemenflerin-drone-fly-397287_0010000_0247920_seg_008_0026250_0030250.wav,d33662714f25ab7ecd10586a5c2080305af67871,source/klemenflerin-drone-fly-397287_0010000_0247920.wav,klemenflerin-drone-fly-397287_0010000_0247920,869989bdb687f76d5300c16c349afaf8a182ea63
clean,klemenflerin-drone-fly-397287_0010000_0247920_seg_009_0030000_0034000.wav,output_v4/clean_drone_segments/klemenflerin-drone-fly-397287_0010000_0247920_seg_009_0030000_0034000.wav,924f179033f0370b50e63d6215a0564945ad544c,source/klemenflerin-drone-fly-397287_0010000_0247920.wav,klemenflerin-drone-fly-397287_0010000_0247920,869989bdb687f76d5300c16c349afaf8a182ea63
clean,klemenflerin-drone-fly-397287_0010000_0247920_seg_010_0033750_0037750.wav,output_v4/clean_drone_segments/klemenflerin-drone-fly-397287_0010000_0247920_seg_010_0033750_0037750.wav,15e6febf794afc4ad62e564ac0b2d5dde02ecb7b,source/klemenflerin-drone-fly-397287_0010000_0247920.wav,klemenflerin-drone-fly-397287_0010000_0247920,869989bdb687f76d5300c16c349afaf8a182ea63
clean,klemenflerin-drone-fly-397287_0010000_0247920_seg_011_0037500_0041500.wav,output_v4/clean_drone_segments/klemenflerin-drone-fly-397287_0010000_0247920_seg_011_0037500_0041500.wav,b8a86564ac2aef3551c6ea949f2bba5cb3f3d845,source/klemenflerin-drone-fly-397287_0010000_0247920.wav,klemenflerin-drone-fly-397287_0010000_0247920,869989bdb687f76d5300c16c349afaf8a182ea63
clean,klemenflerin-drone-fly-397287_0010000_0247920_seg_012_0041250_0045250.wav,output_v4/clean_drone_segments/klemenflerin-drone-fly-397287_0010000_0247920_seg_012_0041250_0045250.wav,0b52580ab6aa739ccab71efa3d03ca7e06685ac2,source/klemenflerin-drone-fly-397287_0010000_0247920.wav,klemenflerin-drone-fly-397287_0010000_0247920,869989bdb687f76d5300c16c349afaf8a182ea63
clean,klemenflerin-drone-fly-397287_0010000_0247920_seg_013_0045000_0049000.wav,output_v4/clean_drone_segments/klemenflerin-drone-fly-397287_0010000_0247920_seg_013_0045000_0049000.wav,75167dba283ad119e9785ba5dca4e8bd1a3ee0c5,source/klemenflerin-drone-fly-397287_0010000_0247920.wav,klemenflerin-drone-fly-397287_0010000_0247920,869989bdb687f76d5300c16c349afaf8a182ea63
clean,klemenflerin-drone-fly-397287_0010000_0247920_seg_014_0048750_0052750.wav,output_v4/clean_drone_segments/klemenflerin-drone-fly-397287_0010000_0247920_seg_014_0048750_0052750.wav,9c39266970a3166bb4b2ed0953bc9dbf9c0fd3ce,source/klemenflerin-drone-fly-397287_0010000_0247920.wav,klemenflerin-drone-fly-397287_0010000_0247920,869989bdb687f76d5300c16c349afaf8a182ea63
clean,klemenflerin-drone-fly-397287_0010000_0247920_seg_015_0052500_0056500.wav,output_v4/clean_drone_segments/klemenflerin-drone-fly-397287_0010000_0247920_seg_015_0052500_0056500.wav,6e66303cd666a92d89cfd89eba15800adc7a7871,source/klemenflerin-drone-fly-397287_0010000_0247920.wav,klemenflerin-drone-fly-397287_0010000_0247920,869989bdb687f76d5300c16c349afaf8a182ea63
clean,klemenflerin-drone-fly-397287_0010000_0247920_seg_016_0056250_0060250.wav,output_v4/clean_drone_segments/klemenflerin-drone-fly-397287_0010000_0247920_seg_016_0056250_0060250.wav,b9ebfe1ecddd9aa1ce5bd03c9d50a8772bfcff18,source/klemenflerin-drone-fly-397287_0010000_0247920.wav,klemenflerin-drone-fly-397287_0010000_0247920,869989bdb687f76d5300c16c349afaf8a182ea63
clean,klemenflerin-drone-fly-397287_0010000_0247920_seg_017_0060000_0064000.wav,output_v4/clean_drone_segments/klemenflerin-drone-fly-397287_0010000_0247920_seg_017_0060000_0064000.wav,f7882ac597c3bd2dc7f6d9b2ac38382bc1d97abb,source/klemenflerin-drone-fly-397287_0010000_0247920.wav,klemenflerin-drone-fly-397287_0010000_0247920,869989bdb687f76d5300c16c349afaf8a182ea63
clean,klemenflerin-drone-fly-397287_0010000_0247920_seg_018_0063750_0067750.wav,output_v4/clean_drone_segments/klemenflerin-drone-fly-397287_0010000_0247920_seg_018_0063750_0067750.wav,84eca842096e88cf3c0e313c8119f6f21e2bf9b4,source/klemenflerin-drone-fly-397287_0010000_0247920.wav,klemenflerin-drone-fly-397287_0010000_0247920,869989bdb687f76d5300c16c349afaf8a182ea63
clean,klemenflerin-drone-fly-397287_0010000_0247920_seg_019_0067500_0071500.wav,output_v4/clean_drone_segments/klemenflerin-drone-fly-397287_0010000_0247920_seg_019_0067500_0071500.wav,3ea3350eb3fe4a548cd28994b72343e54c5d3586,source/klemenflerin-drone-fly-397287_0010000_0247920.wav,klemenflerin-drone-fly-397287_0010000_0247920,869989bdb687f76d5300c16c349afaf8a182ea63
clean,klemenflerin-drone-fly-397287_0010000_0247920_seg_020_0071250_0075250.wav,output_v4/clean_drone_segments/klemenflerin-drone-fly-397287_0010000_0247920_seg_020_0071250_0075250.wav,4ed600278543e1466d121d66cbd3d9d97a0cf1da,source/klemenflerin-drone-fly-397287_0010000_0247920.wav,klemenflerin-drone-fly-397287_0010000_0247920,869989bdb687f76d5300c16c349afaf8a182ea63
clean,klemenflerin-drone-fly-397287_0010000_0247920_seg_021_0075000_0079000.wav,output_v4/clean_drone_segments/klemenflerin-drone-fly-397287_0010000_0247920_seg_021_0075000_0079000.wav,c12445f6719e52dc31124f1a76ca1c2cb02352af,source/klemenflerin-drone-fly-397287_0010000_0247920.wav,klemenflerin-drone-fly-397287_0010000_0247920,869989bdb687f76d5300c16c349afaf8a182ea63
clean,klemenflerin-drone-fly-397287_0010000_0247920_seg_022_0078750_0082750.wav,output_v4/clean_drone_segments/klemenflerin-drone-fly-397287_0010000_0247920_seg_022_0078750_0082750.wav,a0c4a3f8693cbecf3775f1e19b99ccb0395eacc1,source/klemenflerin-drone-fly-397287_0010000_0247920.wav,klemenflerin-drone-fly-397287_0010000_0247920,869989bdb687f76d5300c16c349afaf8a182ea63
clean,klemenflerin-drone-fly-397287_0010000_0247920_seg_023_0082500_0086500.wav,output_v4/clean_drone_segments/klemenflerin-drone-fly-397287_0010000_0247920_seg_023_0082500_0086500.wav,c2e924de7e30b644d00d0fbf3a826660d5cb1cc6,source/klemenflerin-drone-fly-397287_0010000_0247920.wav,klemenflerin-drone-fly-397287_0010000_0247920,869989bdb687f76d5300c16c349afaf8a182ea63
clean,klemenflerin-drone-fly-397287_0010000_0247920_seg_024_0086250_0090250.wav,output_v4/clean_drone_segments/klemenflerin-drone-fly-397287_0010000_0247920_seg_024_0086250_0090250.wav,f6236a9fbb80dec4066ac6443bd1d40b05708954,source/klemenflerin-drone-fly-397287_0010000_0247920.wav,klemenflerin-drone-fly-397287_0010000_0247920,869989bdb687f76d5300c16c349afaf8a182ea63
clean,klemenflerin-drone-fly-397287_0010000_0247920_seg_025_0090000_0094000.wav,output_v4/clean_drone_segments/klemenflerin-drone-fly-397287_0010000_0247920_seg_025_0090000_0094000.wav,ef825cfc93ddbcb825e74262c772192f2c1f6dc9,source/klemenflerin-drone-fly-397287_0010000_0247920.wav,klemenflerin-drone-fly-397287_0010000_0247920,869989bdb687f76d5300c16c349afaf8a182ea63
clean,klemenflerin-drone-fly-397287_0010000_0247920_seg_026_0093750_0097750.wav,output_v4/clean_drone_segments/klemenflerin-drone-fly-397287_0010000_0247920_seg_026_0093750_0097750.wav,ddd6de4d32f0bb457e8783e3f3b536a61acfe987,source/klemenflerin-drone-fly-397287_0010000_0247920.wav,klemenflerin-drone-fly-397287_0010000_0247920,869989bdb687f76d5300c16c349afaf8a182ea63
clean,klemenflerin-drone-fly-397287_0010000_0247920_seg_027_0097500_0101500.wav,output_v4/clean_drone_segments/klemenflerin-drone-fly-397287_0010000_0247920_seg_027_0097500_0101500.wav,103300071ab9edab395302136340da0fb7a92f3e,source/klemenflerin-drone-fly-397287_0010000_0247920.wav,klemenflerin-drone-fly-397287_0010000_0247920,869989bdb687f76d5300c16c349afaf8a182ea63
clean,klemenflerin-drone-fly-397287_0010000_0247920_seg_028_0101250_0105250.wav,output_v4/clean_drone_segments/klemenflerin-drone-fly-397287_0010000_0247920_seg_028_0101250_0105250.wav,5f832fc1cdecb887dc5ad563c708ec253c6e9388,source/klemenflerin-drone-fly-397287_0010000_0247920.wav,klemenflerin-drone-fly-397287_0010000_0247920,869989bdb687f76d5300c16c349afaf8a182ea63
clean,klemenflerin-drone-fly-397287_0010000_0247920_seg_029_0105000_0109000.wav,output_v4/clean_drone_segments/klemenflerin-drone-fly-397287_0010000_0247920_seg_029_0105000_0109000.wav,4c42a7e9540747e4813ada00d3222c7b6f2af060,source/klemenflerin-drone-fly-397287_0010000_0247920.wav,klemenflerin-drone-fly-397287_0010000_0247920,869989bdb687f76d5300c16c349afaf8a182ea63
clean,klemenflerin-drone-fly-397287_0010000_0247920_seg_030_0108750_0112750.wav,output_v4/clean_drone_segments/klemenflerin-drone-fly-397287_0010000_0247920_seg_030_0108750_0112750.wav,829a7bddf0cb2d41f4c28c0474fc0062f94b7b77,source/klemenflerin-drone-fly-397287_0010000_0247920.wav,klemenflerin-drone-fly-397287_0010000_0247920,869989bdb687f76d5300c16c349afaf8a182ea63
clean,klemenflerin-drone-fly-397287_0010000_0247920_seg_031_0112500_0116500.wav,output_v4/clean_drone_segments/klemenflerin-drone-fly-397287_0010000_0247920_seg_031_0112500_0116500.wav,903dc084b96d925ef94782ccbaa17934cfb6338a,source/klemenflerin-drone-fly-397287_0010000_0247920.wav,klemenflerin-drone-fly-397287_0010000_0247920,869989bdb687f76d5300c16c349afaf8a182ea63
clean,klemenflerin-drone-fly-397287_0010000_0247920_seg_032_0116250_0120250.wav,output_v4/clean_drone_segments/klemenflerin-drone-fly-397287_0010000_0247920_seg_032_0116250_0120250.wav,1497b89a0f0c9ba8a679e2c879867f2b65545641,source/klemenflerin-drone-fly-397287_0010000_0247920.wav,klemenflerin-drone-fly-397287_0010000_0247920,869989bdb687f76d5300c16c349afaf8a182ea63
clean,klemenflerin-drone-fly-397287_0010000_0247920_seg_033_0120000_0124000.wav,output_v4/clean_drone_segments/klemenflerin-drone-fly-397287_0010000_0247920_seg_033_0120000_0124000.wav,ce00d30abb6a2121c0ace378e0e0331bc9601721,source/klemenflerin-drone-fly-397287_0010000_0247920.wav,klemenflerin-drone-fly-397287_0010000_0247920,869989bdb687f76d5300c16c349afaf8a182ea63
clean,klemenflerin-drone-fly-397287_0010000_0247920_seg_034_0123750_0127750.wav,output_v4/clean_drone_segments/klemenflerin-drone-fly-397287_0010000_0247920_seg_034_0123750_0127750.wav,27461faa72fb858d60427fed1edbae805359e766,source/klemenflerin-drone-fly-397287_0010000_0247920.wav,klemenflerin-drone-fly-397287_0010000_0247920,869989bdb687f76d5300c16c349afaf8a182ea63
clean,klemenflerin-drone-fly-397287_0010000_0247920_seg_035_0127500_0131500.wav,output_v4/clean_drone_segments/klemenflerin-drone-fly-397287_0010000_0247920_seg_035_0127500_0131500.wav,39a18675a6bb2475fdf3ee0e8c13862c9bc26ef8,source/klemenflerin-drone-fly-397287_0010000_0247920.wav,klemenflerin-drone-fly-397287_0010000_0247920,869989bdb687f76d5300c16c349afaf8a182ea63
clean,klemenflerin-drone-fly-397287_0010000_0247920_seg_036_0131250_0135250.wav,output_v4/clean_drone_segments/klemenflerin-drone-fly-397287_0010000_0247920_seg_036_0131250_0135250.wav,bc76c62d251fde1ca441bddb4a658e6d0d824382,source/klemenflerin-drone-fly-397287_0010000_0247920.wav,klemenflerin-drone-fly-397287_0010000_0247920,869989bdb687f76d5300c16c349afaf8a182ea63
clean,klemenflerin-drone-fly-397287_0010000_0247920_seg_037_0135000_0139000.wav,output_v4/clean_drone_segments/klemenflerin-drone-fly-397287_0010000_0247920_seg_037_0135000_0139000.wav,8f5ffcc836b35ad4180073beb565a64d26b4f7f2,source/klemenflerin-drone-fly-397287_0010000_0247920.wav,klemenflerin-drone-fly-397287_0010000_0247920,869989bdb687f76d5300c16c349afaf8a182ea63
clean,klemenflerin-drone-fly-397287_0010000_0247920_seg_038_0138750_0142750.wav,output_v4/clean_drone_segments/klemenflerin-drone-fly-397287_0010000_0247920_seg_038_0138750_0142750.wav,0c030e49af88e95a25c0d2489cc87b341da723a3,source/klemenflerin-drone-fly-397287_0010000_0247920.wav,klemenflerin-drone-fly-397287_0010000_0247920,869989bdb687f76d5300c16c349afaf8a182ea63
clean,klemenflerin-drone-fly-397287_0010000_0247920_seg_039_0142500_0146500.wav,output_v4/clean_drone_segments/klemenflerin-drone-fly-397287_0010000_0247920_seg_039_0142500_0146500.wav,dcfbb19ac8e9e1c7b6621eb8b68a7e90154a6a94,source/klemenflerin-drone-fly-397287_0010000_0247920.wav,klemenflerin-drone-fly-397287_0010000_0247920,869989bdb687f76d5300c16c349afaf8a182ea63
clean,klemenflerin-drone-fly-397287_0010000_0247920_seg_040_0146250_0150250.wav,output_v4/clean_drone_segments/klemenflerin-drone-fly-397287_0010000_0247920_seg_040_0146250_0150250.wav,f4c0ac0ca26ee3f2c1c01fa0a4aefd0ce03a5628,source/klemenflerin-drone-fly-397287_0010000_0247920.wav,klemenflerin-drone-fly-397287_0010000_0247920,869989bdb687f76d5300c16c349afaf8a182ea63
clean,klemenflerin-drone-fly-397287_0010000_0247920_seg_041_0150000_0154000.wav,output_v4/clean_drone_segments/klemenflerin-drone-fly-397287_0010000_0247920_seg_041_0150000_0154000.wav,db8a00917ad4735043fca0fca6eb1f09407ddca7,source/klemenflerin-drone-fly-397287_0010000_0247920.wav,klemenflerin-drone-fly-397287_0010000_0247920,869989bdb687f76d5300c16c349afaf8a182ea63
clean,klemenflerin-drone-fly-397287_0010000_0247920_seg_042_0153750_0157750.wav,output_v4/clean_drone_segments/klemenflerin-drone-fly-397287_0010000_0247920_seg_042_0153750_0157750.wav,827b4eab3305d399c9831204ea0d14eeb053e6ed,source/klemenflerin-drone-fly-397287_0010000_0247920.wav,klemenflerin-drone-fly-397287_0010000_0247920,869989bdb687f76d5300c16c349afaf8a182ea63
clean,klemenflerin-drone-fly-397287_0010000_0247920_seg_043_0157500_0161500.wav,output_v4/clean_drone_segments/klemenflerin-drone-fly-397287_0010000_0247920_seg_043_0157500_0161500.wav,18b4d31e6152a935f488ff51c447a94f1150a40a,source/klemenflerin-drone-fly-397287_0010000_0247920.wav,klemenflerin-drone-fly-397287_0010000_0247920,869989bdb687f76d5300c16c349afaf8a182ea63
clean,klemenflerin-drone-fly-397287_0010000_0247920_seg_044_0161250_0165250.wav,output_v4/clean_drone_segments/klemenflerin-drone-fly-397287_0010000_0247920_seg_044_0161250_0165250.wav,e2ec9148182335beb7bbd3fb455f4643696e2069,source/klemenflerin-drone-fly-397287_0010000_0247920.wav,klemenflerin-drone-fly-397287_0010000_0247920,869989bdb687f76d5300c16c349afaf8a182ea63
clean,klemenflerin-drone-fly-397287_0010000_0247920_seg_045_0165000_0169000.wav,output_v4/clean_drone_segments/klemenflerin-drone-fly-397287_0010000_0247920_seg_045_0165000_0169000.wav,54ebc345ba8078d7678b94af77d2642ff237705c,source/klemenflerin-drone-fly-397287_0010000_0247920.wav,klemenflerin-drone-fly-397287_0010000_0247920,869989bdb687f76d5300c16c349afaf8a182ea63
clean,klemenflerin-drone-fly-397287_0010000_0247920_seg_046_0168750_0172750.wav,output_v4/clean_drone_segments/klemenflerin-drone-fly-397287_0010000_0247920_seg_046_0168750_0172750.wav,ce407c59107ba71b97efea52772c4df4dc6db40d,source/klemenflerin-drone-fly-397287_0010000_0247920.wav,klemenflerin-drone-fly-397287_0010000_0247920,869989bdb687f76d5300c16c349afaf8a182ea63
clean,klemenflerin-drone-fly-397287_0010000_0247920_seg_047_0172500_0176500.wav,output_v4/clean_drone_segments/klemenflerin-drone-fly-397287_0010000_0247920_seg_047_0172500_0176500.wav,d548b56f43aacc4fff7d016888e5097b19d1f104,source/klemenflerin-drone-fly-397287_0010000_0247920.wav,klemenflerin-drone-fly-397287_0010000_0247920,869989bdb687f76d5300c16c349afaf8a182ea63
clean,klemenflerin-drone-fly-397287_0010000_0247920_seg_048_0176250_0180250.wav,output_v4/clean_drone_segments/klemenflerin-drone-fly-397287_0010000_0247920_seg_048_0176250_0180250.wav,bc637a5e091965cf4dad470cdfe2ca57ccd6bb78,source/klemenflerin-drone-fly-397287_0010000_0247920.wav,klemenflerin-drone-fly-397287_0010000_0247920,869989bdb687f76d5300c16c349afaf8a182ea63
clean,klemenflerin-drone-fly-397287_0010000_0247920_seg_049_0180000_0184000.wav,output_v4/clean_drone_segments/klemenflerin-drone-fly-397287_0010000_0247920_seg_049_0180000_0184000.wav,498c7f4c9a4b0e3a5cac8b91ea2017a988a40180,source/klemenflerin-drone-fly-397287_0010000_0247920.wav,klemenflerin-drone-fly-397287_0010000_0247920,869989bdb687f76d5300c16c349afaf8a182ea63
clean,klemenflerin-drone-fly-397287_0010000_0247920_seg_050_0183750_0187750.wav,output_v4/clean_drone_segments/klemenflerin-drone-fly-397287_0010000_0247920_seg_050_0183750_0187750.wav,38449ffaf09e8f8fdea78e7b38439aa0d5d90cbb,source/klemenflerin-drone-fly-397287_0010000_0247920.wav,klemenflerin-drone-fly-397287_0010000_0247920,869989bdb687f76d5300c16c349afaf8a182ea63
clean,klemenflerin-drone-fly-397287_0010000_0247920_seg_051_0187500_0191500.wav,output_v4/clean_drone_segments/klemenflerin-drone-fly-397287_0010000_0247920_seg_051_0187500_0191500.wav,d8143f24903e7c53c07d3d6acc24b9dd91d41e57,source/klemenflerin-drone-fly-397287_0010000_0247920.wav,klemenflerin-drone-fly-397287_0010000_0247920,869989bdb687f76d5300c16c349afaf8a182ea63
clean,klemenflerin-drone-fly-397287_0010000_0247920_seg_052_0191250_0195250.wav,output_v4/clean_drone_segments/klemenflerin-drone-fly-397287_0010000_0247920_seg_052_0191250_0195250.wav,bebdbe9ae1a78dbefcc6824ed8ab211a7c952f68,source/klemenflerin-drone-fly-397287_0010000_0247920.wav,klemenflerin-drone-fly-397287_0010000_0247920,869989bdb687f76d5300c16c349afaf8a182ea63
clean,klemenflerin-drone-fly-397287_0010000_0247920_seg_053_0195000_0199000.wav,output_v4/clean_drone_segments/klemenflerin-drone-fly-397287_0010000_0247920_seg_053_0195000_0199000.wav,287ab6ad2f4415fcf550e2146db56f4050810019,source/klemenflerin-drone-fly-397287_0010000_0247920.wav,klemenflerin-drone-fly-397287_0010000_0247920,869989bdb687f76d5300c16c349afaf8a182ea63
clean,klemenflerin-drone-fly-397287_0010000_0247920_seg_054_0198750_0202750.wav,output_v4/clean_drone_segments/klemenflerin-drone-fly-397287_0010000_0247920_seg_054_0198750_0202750.wav,ea5b83373494e8addcd4620a4a5b31c64406d4ad,source/klemenflerin-drone-fly-397287_0010000_0247920.wav,klemenflerin-drone-fly-397287_0010000_0247920,869989bdb687f76d5300c16c349afaf8a182ea63
clean,klemenflerin-drone-fly-397287_0010000_0247920_seg_055_0202500_0206500.wav,output_v4/clean_drone_segments/klemenflerin-drone-fly-397287_0010000_0247920_seg_055_0202500_0206500.wav,eb87da70e3af04c085300294bccbb0b362066ea4,source/klemenflerin-drone-fly-397287_0010000_0247920.wav,klemenflerin-drone-fly-397287_0010000_0247920,869989bdb687f76d5300c16c349afaf8a182ea63
clean,klemenflerin-drone-fly-397287_0010000_0247920_seg_056_0206250_0210250.wav,output_v4/clean_drone_segments/klemenflerin-drone-fly-397287_0010000_0247920_seg_056_0206250_0210250.wav,b96072051056764f948db2c877168c34d3956920,source/klemenflerin-drone-fly-397287_0010000_0247920.wav,klemenflerin-drone-fly-397287_0010000_0247920,869989bdb687f76d5300c16c349afaf8a182ea63
clean,klemenflerin-drone-fly-397287_0010000_0247920_seg_057_0210000_0214000.wav,output_v4/clean_drone_segments/klemenflerin-drone-fly-397287_0010000_0247920_seg_057_0210000_0214000.wav,fc0145cc42595b0f6b616d35ea3a1fa20e8cf060,source/klemenflerin-drone-fly-397287_0010000_0247920.wav,klemenflerin-drone-fly-397287_0010000_0247920,869989bdb687f76d5300c16c349afaf8a182ea63
clean,klemenflerin-drone-fly-397287_0010000_0247920_seg_058_0213750_0217750.wav,output_v4/clean_drone_segments/klemenflerin-drone-fly-397287_0010000_0247920_seg_058_0213750_0217750.wav,f0a5d6f333bb7baab129bef8a80f09b26af2356f,source/klemenflerin-drone-fly-397287_0010000_0247920.wav,klemenflerin-drone-fly-397287_0010000_0247920,869989bdb687f76d5300c16c349afaf8a182ea63
clean,klemenflerin-drone-fly-397287_0010000_0247920_seg_059_0217500_0221500.wav,output_v4/clean_drone_segments/klemenflerin-drone-fly-397287_0010000_0247920_seg_059_0217500_0221500.wav,1f0625762d8cd9db7a484a7bd0e6ad369551ba7b,source/klemenflerin-drone-fly-397287_0010000_0247920.wav,klemenflerin-drone-fly-397287_0010000_0247920,869989bdb687f76d5300c16c349afaf8a182ea63
clean,klemenflerin-drone-fly-397287_0010000_0247920_seg_060_0221250_0225250.wav,output_v4/clean_drone_segments/klemenflerin-drone-fly-397287_0010000_0247920_seg_060_0221250_0225250.wav,34c30aab8395cbecfe2ce02f782d00ebf7edcb54,source/klemenflerin-drone-fly-397287_0010000_0247920.wav,klemenflerin-drone-fly-397287_0010000_0247920,869989bdb687f76d5300c16c349afaf8a182ea63
clean,klemenflerin-drone-fly-397287_0010000_0247920_seg_061_0225000_0229000.wav,output_v4/clean_drone_segments/klemenflerin-drone-fly-397287_0010000_0247920_seg_061_0225000_0229000.wav,6b360df7fa8d805159a63fae2d50a4f6792e5458,source/klemenflerin-drone-fly-397287_0010000_0247920.wav,klemenflerin-drone-fly-397287_0010000_0247920,869989bdb687f76d5300c16c349afaf8a182ea63
clean,klemenflerin-drone-fly-397287_0010000_0247920_seg_062_0228750_0232750.wav,output_v4/clean_drone_segments/klemenflerin-drone-fly-397287_0010000_0247920_seg_062_0228750_0232750.wav,c4771354819b954abe6f38b1185621cb37d8f555,source/klemenflerin-drone-fly-397287_0010000_0247920.wav,klemenflerin-drone-fly-397287_0010000_0247920,869989bdb687f76d5300c16c349afaf8a182ea63
clean,klemenflerin-drone-fly-397287_0010000_0247920_seg_063_0232500_0235154.wav,output_v4/clean_drone_segments/klemenflerin-drone-fly-397287_0010000_0247920_seg_063_0232500_0235154.wav,788adeb962870577060ca904c45b37a0e2dc3043,source/klemenflerin-drone-fly-397287_0010000_0247920.wav,klemenflerin-drone-fly-397287_0010000_0247920,869989bdb687f76d5300c16c349afaf8a182ea63
quarantine_uncertain,DJI_drones_noise_comparson_seg_009_0034048_0038048_0001000_0004000_seg_001_0001629_0003120.wav,output_v4/quarantine_uncertain/DJI_drones_noise_comparson_seg_009_0034048_0038048_0001000_0004000_seg_001_0001629_0003120.wav,81698f1db1074cc76bd8f34c7a545673be8d3142,source/DJI_drones_noise_comparson_seg_009_0034048_0038048_0001000_0004000.wav,dji_drones_noise_comparson_seg_009_0034048_0038048_0001000_0004000,95b01537786640969c2750831fdb4f43da8dd3e5
quarantine_uncertain,DJI_drones_noise_comparson_seg_006_0022948_0026948_0001300_0004000_seg_001_0000579_0002820.wav,output_v4/quarantine_uncertain/DJI_drones_noise_comparson_seg_006_0022948_0026948_0001300_0004000_seg_001_0000579_0002820.wav,d807f2bebcd386342acdb22e93e71a895903d47f,source/DJI_drones_noise_comparson_seg_006_0022948_0026948_0001300_0004000.wav,dji_drones_noise_comparson_seg_006_0022948_0026948_0001300_0004000,6f407767c66ce1569513edde8ca16b680ef6eb0b
clean,Drone_Noise_Test_-_DJI_Avata_vs_DJI_FPV_vs_DJI_Mavic_3_vs_DJI_Air_2S_compared_seg_007_0021828_0025828_0002000_0004000_seg_001_0000000_0002120.wav,output_v4/clean_drone_segments/Drone_Noise_Test_-_DJI_Avata_vs_DJI_FPV_vs_DJI_Mavic_3_vs_DJI_Air_2S_compared_seg_007_0021828_0025828_0002000_0004000_seg_001_0000000_0002120.wav,8cf02941ae47137e1c3d81645066cd744cd7caf7,source/Drone_Noise_Test_-_DJI_Avata_vs_DJI_FPV_vs_DJI_Mavic_3_vs_DJI_Air_2S_compared_seg_007_0021828_0025828_0002000_0004000.wav,drone_noise_test_-_dji_avata_vs_dji_fpv_vs_dji_mavic_3_vs_dji_air_2s_compared_seg_007_0021828_0025828_0002000_0004000,09edc19af669052f11bc8ac55e8b8b7b0497e682
clean,Drone_Noise_Test_-_DJI_Avata_vs_DJI_FPV_vs_DJI_Mavic_3_vs_DJI_Air_2S_compared_seg_012_0040578_0044578_0001000_0004000_seg_001_0000000_0003120.wav,output_v4/clean_drone_segments/Drone_Noise_Test_-_DJI_Avata_vs_DJI_FPV_vs_DJI_Mavic_3_vs_DJI_Air_2S_compared_seg_012_0040578_0044578_0001000_0004000_seg_001_0000000_0003120.wav,b94f5c00cbfabdb6bcb77f7c5c0526b14042902f,source/Drone_Noise_Test_-_DJI_Avata_vs_DJI_FPV_vs_DJI_Mavic_3_vs_DJI_Air_2S_compared_seg_012_0040578_0044578_0001000_0004000.wav,drone_noise_test_-_dji_avata_vs_dji_fpv_vs_dji_mavic_3_vs_dji_air_2s_compared_seg_012_0040578_0044578_0001000_0004000,8d4f8c8e1c2f8986ee3066f0f6e6e1ac0051acdb
quarantine_uncertain,DJI_drones_noise_comparson_seg_023_0084497_0088497_0001000_0003400_seg_001_0000000_0002069.wav,output_v4/quarantine_uncertain/DJI_drones_noise_comparson_seg_023_0084497_0088497_0001000_0003400_seg_001_0000000_0002069.wav,e5e0d1f56bd640430bdca409df3ac87cf07397c0,source/DJI_drones_noise_comparson_seg_023_0084497_0088497_0001000_0003400.wav,dji_drones_noise_comparson_seg_023_0084497_0088497_0001000_0003400,ae55802618b85b5699b5a671a53608decde94fc9
clean,DJI_drones_noise_comparson_seg_002_0008149_0011899_0001200_0003749_seg_001_0000000_0002669.wav,output_v4/clean_drone_segments/DJI_drones_noise_comparson_seg_002_0008149_0011899_0001200_0003749_seg_001_0000000_0002669.wav,4034c88372926cbcb6978260bfadf41fe2054191,source/DJI_drones_noise_comparson_seg_002_0008149_0011899_0001200_0003749.wav,dji_drones_noise_comparson_seg_002_0008149_0011899_0001200_0003749,b5dc00e059325dfd50ab27e2139618eb71100c83
clean,Drone_Noise_Test_-_DJI_Avata_vs_DJI_FPV_vs_DJI_Mavic_3_vs_DJI_Air_2S_compared_seg_003_0008429_0012429_0001000_0004000_seg_001_0000000_0003120.wav,output_v4/clean_drone_segments/Drone_Noise_Test_-_DJI_Avata_vs_DJI_FPV_vs_DJI_Mavic_3_vs_DJI_Air_2S_compared_seg_003_0008429_0012429_0001000_0004000_seg_001_0000000_0003120.wav,73dc1aea287224e0b3062f2c296e5002f025a19c,source/Drone_Noise_Test_-_DJI_Avata_vs_DJI_FPV_vs_DJI_Mavic_3_vs_DJI_Air_2S_compared_seg_003_0008429_0012429_0001000_0004000.wav,drone_noise_test_-_dji_avata_vs_dji_fpv_vs_dji_mavic_3_vs_dji_air_2s_compared_seg_003_0008429_0012429_0001000_0004000,34848f20796c527d992e825da2eb1cc983b59bd5
clean,DJI_drones_noise_comparson_seg_038_0145941_0149941_0001000_0004000_seg_001_0000000_0003120.wav,output_v4/clean_drone_segments/DJI_drones_noise_comparson_seg_038_0145941_0149941_0001000_0004000_seg_001_0000000_0003120.wav,1ad1004633acbec88e557d7a18fcff6cd004c935,source/DJI_drones_noise_comparson_seg_038_0145941_0149941_0001000_0004000.wav,dji_drones_noise_comparson_seg_038_0145941_0149941_0001000_0004000,1902478685ac8795b9cc40794b9f7eee58cd3dab
clean,DJI_drones_noise_comparson_seg_037_0142191_0146191_0001000_0004000_seg_001_0000000_0003120.wav,output_v4/clean_drone_segments/DJI_drones_noise_comparson_seg_037_0142191_0146191_0001000_0004000_seg_001_0000000_0003120.wav,85b5fc0eff26b3548d06e8ae1f3da7dd94bb3261,source/DJI_drones_noise_comparson_seg_037_0142191_0146191_0001000_0004000.wav,dji_drones_noise_comparson_seg_037_0142191_0146191_0001000_0004000,939afe246bc89a7108d33d825365f98166e060e0
clean,Drone_Noise_Test_-_DJI_Avata_vs_DJI_FPV_vs_DJI_Mavic_3_vs_DJI_Air_2S_compared_seg_004_0012179_0016179_0001000_0004000_seg_001_0000000_0003120.wav,output_v4/clean_drone_segments/Drone_Noise_Test_-_DJI_Avata_vs_DJI_FPV_vs_DJI_Mavic_3_vs_DJI_Air_2S_compared_seg_004_0012179_0016179_0001000_0004000_seg_001_0000000_0003120.wav,46cd9f967c886795ac80153ea0e0cde4069b091b,source/Drone_Noise_Test_-_DJI_Avata_vs_DJI_FPV_vs_DJI_Mavic_3_vs_DJI_Air_2S_compared_seg_004_0012179_0016179_0001000_0004000.wav,drone_noise_test_-_dji_avata_vs_dji_fpv_vs_dji_mavic_3_vs_dji_air_2s_compared_seg_004_0012179_0016179_0001000_0004000,0764fd9b0b96ca50be9c884b1b95e44436ab7c9f
