background,background_group,kind,output_v3,snr_db,source_clean,source_group,split
,,clean,output_v3/train/drone/clean_Drone_Noise_Test_-_DJI_Avata_vs_DJI_FPV_vs_DJI_Mavic_3_vs_DJI_Air_2S_compared_seg_001_0000929_0004929.wav,,output_v3/clean_drone_segments/Drone_Noise_Test_-_DJI_Avata_vs_DJI_FPV_vs_DJI_Mavic_3_vs_DJI_Air_2S_compared_seg_001_0000929_0004929.wav,drone_noise_test_-_dji_avata_vs_dji_fpv_vs_dji_mavic_3_vs_dji_air_2s_compared,train
output_v3/background_pool/air_conditioner_fold9_165454_8.wav,air_conditioner_air,augmented,output_v3/train/drone/aug_Drone_Noise_Test_-_DJI_Avata_vs_DJI_FPV_vs_DJI_Mavic_3_vs_DJI_Air_2S_compared_seg_001_0000929_0004929_00_air_conditioner_fold9_165454_8.wav,14.956,output_v3/clean_drone_segments/Drone_Noise_Test_-_DJI_Avata_vs_DJI_FPV_vs_DJI_Mavic_3_vs_DJI_Air_2S_compared_seg_001_0000929_0004929.wav,drone_noise_test_-_dji_avata_vs_dji_fpv_vs_dji_mavic_3_vs_dji_air_2s_compared,train
output_v3/background_pool/drilling_fold2_76086_36.wav,drilling_drilling,augmented,output_v3/train/drone/aug_Drone_Noise_Test_-_DJI_Avata_vs_DJI_FPV_vs_DJI_Mavic_3_vs_DJI_Air_2S_compared_seg_001_0000929_0004929_01_drilling_fold2_76086_36.wav,-4.522,output_v3/clean_drone_segments/Drone_Noise_Test_-_DJI_Avata_vs_DJI_FPV_vs_DJI_Mavic_3_vs_DJI_Air_2S_compared_seg_001_0000929_0004929.wav,drone_noise_test_-_dji_avata_vs_dji_fpv_vs_dji_mavic_3_vs_dji_air_2s_compared,train
output_v3/background_pool/engine_idling_fold2_201652_3.wav,engine_idling_engine,augmented,output_v3/train/drone/aug_Drone_Noise_Test_-_DJI_Avata_vs_DJI_FPV_vs_DJI_Mavic_3_vs_DJI_Air_2S_compared_seg_001_0000929_0004929_02_engine_idling_fold2_201652_3.wav,11.98,output_v3/clean_drone_segments/Drone_Noise_Test_-_DJI_Avata_vs_DJI_FPV_vs_DJI_Mavic_3_vs_DJI_Air_2S_compared_seg_001_0000929_0004929.wav,drone_noise_test_-_dji_avata_vs_dji_fpv_vs_dji_mavic_3_vs_dji_air_2s_compared,train
output_v3/background_pool/drilling_fold5_180125_0.wav,drilling_drilling,augmented,output_v3/train/drone/aug_Drone_Noise_Test_-_DJI_Avata_vs_DJI_FPV_vs_DJI_Mavic_3_vs_DJI_Air_2S_compared_seg_001_0000929_0004929_03_drilling_fold5_180125_0.wav,4.841,output_v3/clean_drone_segments/Drone_Noise_Test_-_DJI_Avata_vs_DJI_FPV_vs_DJI_Mavic_3_vs_DJI_Air_2S_compared_seg_001_0000929_0004929.wav,drone_noise_test_-_dji_avata_vs_dji_fpv_vs_dji_mavic_3_vs_dji_air_2s_compared,train
,,clean,output_v3/train/drone/clean_Drone_Noise_Test_-_DJI_Avata_vs_DJI_FPV_vs_DJI_Mavic_3_vs_DJI_Air_2S_compared_seg_002_0004679_0008679.wav,,output_v3/clean_drone_segments/Drone_Noise_Test_-_DJI_Avata_vs_DJI_FPV_vs_DJI_Mavic_3_vs_DJI_Air_2S_compared_seg_002_0004679_0008679.wav,drone_noise_test_-_dji_avata_vs_dji_fpv_vs_dji_mavic_3_vs_dji_air_2s_compared,train
output_v3/background_pool/air_conditioner_fold1_134717_18.wav,air_conditioner_air,augmented,output_v3/train/drone/aug_Drone_Noise_Test_-_DJI_Avata_vs_DJI_FPV_vs_DJI_Mavic_3_vs_DJI_Air_2S_compared_seg_002_0004679_0008679_00_air_conditioner_fold1_134717_18.wav,13.425,output_v3/clean_drone_segments/Drone_Noise_Test_-_DJI_Avata_vs_DJI_FPV_vs_DJI_Mavic_3_vs_DJI_Air_2S_compared_seg_002_0004679_0008679.wav,drone_noise_test_-_dji_avata_vs_dji_fpv_vs_dji_mavic_3_vs_dji_air_2s_compared,train
output_v3/background_pool/siren_fold8_96657_2.wav,siren_siren,augmented,output_v3/train/drone/aug_Drone_Noise_Test_-_DJI_Avata_vs_DJI_FPV_vs_DJI_Mavic_3_vs_DJI_Air_2S_compared_seg_002_0004679_0008679_01_siren_fold8_96657_2.wav,4.169,output_v3/clean_drone_segments/Drone_Noise_Test_-_DJI_Avata_vs_DJI_FPV_vs_DJI_Mavic_3_vs_DJI_Air_2S_compared_seg_002_0004679_0008679.wav,drone_noise_test_-_dji_avata_vs_dji_fpv_vs_dji_mavic_3_vs_dji_air_2s_compared,train
output_v3/background_pool/engine_idling_fold2_177592_4.wav,engine_idling_engine,augmented,output_v3/train/drone/aug_Drone_Noise_Test_-_DJI_Avata_vs_DJI_FPV_vs_DJI_Mavic_3_vs_DJI_Air_2S_compared_seg_002_0004679_0008679_02_engine_idling_fold2_177592_4.wav,11.399,output_v3/clean_drone_segments/Drone_Noise_Test_-_DJI_Avata_vs_DJI_FPV_vs_DJI_Mavic_3_vs_DJI_Air_2S_compared_seg_002_0004679_0008679.wav,drone_noise_test_-_dji_avata_vs_dji_fpv_vs_dji_mavic_3_vs_dji_air_2s_compared,train
output_v3/background_pool/siren_fold2_159750_5.wav,siren_siren,augmented,output_v3/train/drone/aug_Drone_Noise_Test_-_DJI_Avata_vs_DJI_FPV_vs_DJI_Mavic_3_vs_DJI_Air_2S_compared_seg_002_0004679_0008679_03_siren_fold2_159750_5.wav,-2.386,output_v3/clean_drone_segments/Drone_Noise_Test_-_DJI_Avata_vs_DJI_FPV_vs_DJI_Mavic_3_vs_DJI_Air_2S_compared_seg_002_0004679_0008679.wav,drone_noise_test_-_dji_avata_vs_dji_fpv_vs_dji_mavic_3_vs_dji_air_2s_compared,train
,,clean,output_v3/train/drone/clean_Drone_Noise_Test_-_DJI_Avata_vs_DJI_FPV_vs_DJI_Mavic_3_vs_DJI_Air_2S_compared_seg_003_0008429_0012429.wav,,output_v3/clean_drone_segments/Drone_Noise_Test_-_DJI_Avata_vs_DJI_FPV_vs_DJI_Mavic_3_vs_DJI_Air_2S_compared_seg_003_0008429_0012429.wav,drone_noise_test_-_dji_avata_vs_dji_fpv_vs_dji_mavic_3_vs_dji_air_2s_compared,train
output_v3/background_pool/drilling_fold10_187863_5.wav,drilling_drilling,augmented,output_v3/train/drone/aug_Drone_Noise_Test_-_DJI_Avata_vs_DJI_FPV_vs_DJI_Mavic_3_vs_DJI_Air_2S_compared_seg_003_0008429_0012429_00_drilling_fold10_187863_5.wav,11.638,output_v3/clean_drone_segments/Drone_Noise_Test_-_DJI_Avata_vs_DJI_FPV_vs_DJI_Mavic_3_vs_DJI_Air_2S_compared_seg_003_0008429_0012429.wav,drone_noise_test_-_dji_avata_vs_dji_fpv_vs_dji_mavic_3_vs_dji_air_2s_compared,train
output_v3/background_pool/engine_idling_fold9_187075_5.wav,engine_idling_engine,augmented,output_v3/train/drone/aug_Drone_Noise_Test_-_DJI_Avata_vs_DJI_FPV_vs_DJI_Mavic_3_vs_DJI_Air_2S_compared_seg_003_0008429_0012429_01_engine_idling_fold9_187075_5.wav,-0.946,output_v3/clean_drone_segments/Drone_Noise_Test_-_DJI_Avata_vs_DJI_FPV_vs_DJI_Mavic_3_vs_DJI_Air_2S_compared_seg_003_0008429_0012429.wav,drone_noise_test_-_dji_avata_vs_dji_fpv_vs_dji_mavic_3_vs_dji_air_2s_compared,train
output_v3/background_pool/drilling_fold6_66623_6.wav,drilling_drilling,augmented,output_v3/train/drone/aug_Drone_Noise_Test_-_DJI_Avata_vs_DJI_FPV_vs_DJI_Mavic_3_vs_DJI_Air_2S_compared_seg_003_0008429_0012429_02_drilling_fold6_66623_6.wav,3.991,output_v3/clean_drone_segments/Drone_Noise_Test_-_DJI_Avata_vs_DJI_FPV_vs_DJI_Mavic_3_vs_DJI_Air_2S_compared_seg_003_0008429_0012429.wav,drone_noise_test_-_dji_avata_vs_dji_fpv_vs_dji_mavic_3_vs_dji_air_2s_compared,train
output_v3/background_pool/air_conditioner_fold9_101729_11.wav,air_conditioner_air,augmented,output_v3/train/drone/aug_Drone_Noise_Test_-_DJI_Avata_vs_DJI_FPV_vs_DJI_Mavic_3_vs_DJI_Air_2S_compared_seg_003_0008429_0012429_03_air_conditioner_fold9_101729_11.wav,-0.847,output_v3/clean_drone_segments/Drone_Noise_Test_-_DJI_Avata_vs_DJI_FPV_vs_DJI_Mavic_3_vs_DJI_Air_2S_compared_seg_003_0008429_0012429.wav,drone_noise_test_-_dji_avata_vs_dji_fpv_vs_dji_mavic_3_vs_dji_air_2s_compared,train
,,clean,output_v3/train/drone/clean_Drone_Noise_Test_-_DJI_Avata_vs_DJI_FPV_vs_DJI_Mavic_3_vs_DJI_Air_2S_compared_seg_004_0012179_0016179.wav,,output_v3/clean_drone_segments/Drone_Noise_Test_-_DJI_Avata_vs_DJI_FPV_vs_DJI_Mavic_3_vs_DJI_Air_2S_compared_seg_004_0012179_0016179.wav,drone_noise_test_-_dji_avata_vs_dji_fpv_vs_dji_mavic_3_vs_dji_air_2s_compared,train
output_v3/background_pool/air_conditioner_fold9_79089_115.wav,air_conditioner_air,augmented,output_v3/train/drone/aug_Drone_Noise_Test_-_DJI_Avata_vs_DJI_FPV_vs_DJI_Mavic_3_vs_DJI_Air_2S_compared_seg_004_0012179_0016179_00_air_conditioner_fold9_79089_115.wav,11.152,output_v3/clean_drone_segments/Drone_Noise_Test_-_DJI_Avata_vs_DJI_FPV_vs_DJI_Mavic_3_vs_DJI_Air_2S_compared_seg_004_0012179_0016179.wav,drone_noise_test_-_dji_avata_vs_dji_fpv_vs_dji_mavic_3_vs_dji_air_2s_compared,train
output_v3/background_pool/drilling_fold1_55020_13.wav,drilling_drilling,augmented,output_v3/train/drone/aug_Drone_Noise_Test_-_DJI_Avata_vs_DJI_FPV_vs_DJI_Mavic_3_vs_DJI_Air_2S_compared_seg_004_0012179_0016179_01_drilling_fold1_55020_13.wav,-2.034,output_v3/clean_drone_segments/Drone_Noise_Test_-_DJI_Avata_vs_DJI_FPV_vs_DJI_Mavic_3_vs_DJI_Air_2S_compared_seg_004_0012179_0016179.wav,drone_noise_test_-_dji_avata_vs_dji_fpv_vs_dji_mavic_3_vs_dji_air_2s_compared,train
output_v3/background_pool/jackhammer_fold6_30206_12.wav,jackhammer_jackhammer,augmented,output_v3/train/drone/aug_Drone_Noise_Test_-_DJI_Avata_vs_DJI_FPV_vs_DJI_Mavic_3_vs_DJI_Air_2S_compared_seg_004_0012179_0016179_02_jackhammer_fold6_30206_12.wav,0.977,output_v3/clean_drone_segments/Drone_Noise_Test_-_DJI_Avata_vs_DJI_FPV_vs_DJI_Mavic_3_vs_DJI_Air_2S_compared_seg_004_0012179_0016179.wav,drone_noise_test_-_dji_avata_vs_dji_fpv_vs_dji_mavic_3_vs_dji_air_2s_compared,train
output_v3/background_pool/air_conditioner_fold3_177742_203.wav,air_conditioner_air,augmented,output_v3/train/drone/aug_Drone_Noise_Test_-_DJI_Avata_vs_DJI_FPV_vs_DJI_Mavic_3_vs_DJI_Air_2S_compared_seg_004_0012179_0016179_03_air_conditioner_fold3_177742_203.wav,4.044,output_v3/clean_drone_segments/Drone_Noise_Test_-_DJI_Avata_vs_DJI_FPV_vs_DJI_Mavic_3_vs_DJI_Air_2S_compared_seg_004_0012179_0016179.wav,drone_noise_test_-_dji_avata_vs_dji_fpv_vs_dji_mavic_3_vs_dji_air_2s_compared,train
,,clean,output_v3/train/drone/clean_Drone_Noise_Test_-_DJI_Avata_vs_DJI_FPV_vs_DJI_Mavic_3_vs_DJI_Air_2S_compared_seg_005_0015929_0017468.wav,,output_v3/clean_drone_segments/Drone_Noise_Test_-_DJI_Avata_vs_DJI_FPV_vs_DJI_Mavic_3_vs_DJI_Air_2S_compared_seg_005_0015929_0017468.wav,drone_noise_test_-_dji_avata_vs_dji_fpv_vs_dji_mavic_3_vs_dji_air_2s_compared,train
output_v3/background_pool/siren_fold3_22601_47.wav,siren_siren,augmented,output_v3/train/drone/aug_Drone_Noise_Test_-_DJI_Avata_vs_DJI_FPV_vs_DJI_Mavic_3_vs_DJI_Air_2S_compared_seg_005_0015929_0017468_00_siren_fold3_22601_47.wav,-2.204,output_v3/clean_drone_segments/Drone_Noise_Test_-_DJI_Avata_vs_DJI_FPV_vs_DJI_Mavic_3_vs_DJI_Air_2S_compared_seg_005_0015929_0017468.wav,drone_noise_test_-_dji_avata_vs_dji_fpv_vs_dji_mavic_3_vs_dji_air_2s_compared,train
output_v3/background_pool/jackhammer_fold1_180937_30.wav,jackhammer_jackhammer,augmented,output_v3/train/drone/aug_Drone_Noise_Test_-_DJI_Avata_vs_DJI_FPV_vs_DJI_Mavic_3_vs_DJI_Air_2S_compared_seg_005_0015929_0017468_01_jackhammer_fold1_180937_30.wav,8.726,output_v3/clean_drone_segments/Drone_Noise_Test_-_DJI_Avata_vs_DJI_FPV_vs_DJI_Mavic_3_vs_DJI_Air_2S_compared_seg_005_0015929_0017468.wav,drone_noise_test_-_dji_avata_vs_dji_fpv_vs_dji_mavic_3_vs_dji_air_2s_compared,train
output_v3/background_pool/air_conditioner_fold4_195969_22.wav,air_conditioner_air,augmented,output_v3/train/drone/aug_Drone_Noise_Test_-_DJI_Avata_vs_DJI_FPV_vs_DJI_Mavic_3_vs_DJI_Air_2S_compared_seg_005_0015929_0017468_02_air_conditioner_fold4_195969_22.wav,-3.5,output_v3/clean_drone_segments/Drone_Noise_Test_-_DJI_Avata_vs_DJI_FPV_vs_DJI_Mavic_3_vs_DJI_Air_2S_compared_seg_005_0015929_0017468.wav,drone_noise_test_-_dji_avata_vs_dji_fpv_vs_dji_mavic_3_vs_dji_air_2s_compared,train
output_v3/background_pool/jackhammer_fold3_62837_64.wav,jackhammer_jackhammer,augmented,output_v3/train/drone/aug_Drone_Noise_Test_-_DJI_Avata_vs_DJI_FPV_vs_DJI_Mavic_3_vs_DJI_Air_2S_compared_seg_005_0015929_0017468_03_jackhammer_fold3_62837_64.wav,13.102,output_v3/clean_drone_segments/Drone_Noise_Test_-_DJI_Avata_vs_DJI_FPV_vs_DJI_Mavic_3_vs_DJI_Air_2S_compared_seg_005_0015929_0017468.wav,drone_noise_test_-_dji_avata_vs_dji_fpv_vs_dji_mavic_3_vs_dji_air_2s_compared,train
,,clean,output_v3/train/drone/clean_Drone_Noise_Test_-_DJI_Avata_vs_DJI_FPV_vs_DJI_Mavic_3_vs_DJI_Air_2S_compared_seg_006_0018078_0022078.wav,,output_v3/clean_drone_segments/Drone_Noise_Test_-_DJI_Avata_vs_DJI_FPV_vs_DJI_Mavic_3_vs_DJI_Air_2S_compared_seg_006_0018078_0022078.wav,drone_noise_test_-_dji_avata_vs_dji_fpv_vs_dji_mavic_3_vs_dji_air_2s_compared,train
output_v3/background_pool/engine_idling_fold9_39856_0.wav,engine_idling_engine,augmented,output_v3/train/drone/aug_Drone_Noise_Test_-_DJI_Avata_vs_DJI_FPV_vs_DJI_Mavic_3_vs_DJI_Air_2S_compared_seg_006_0018078_0022078_00_engine_idling_fold9_39856_0.wav,-1.64,output_v3/clean_drone_segments/Drone_Noise_Test_-_DJI_Avata_vs_DJI_FPV_vs_DJI_Mavic_3_vs_DJI_Air_2S_compared_seg_006_0018078_0022078.wav,drone_noise_test_-_dji_avata_vs_dji_fpv_vs_dji_mavic_3_vs_dji_air_2s_compared,train
output_v3/background_pool/air_conditioner_fold9_101729_23.wav,air_conditioner_air,augmented,output_v3/train/drone/aug_Drone_Noise_Test_-_DJI_Avata_vs_DJI_FPV_vs_DJI_Mavic_3_vs_DJI_Air_2S_compared_seg_006_0018078_0022078_01_air_conditioner_fold9_101729_23.wav,-1.544,output_v3/clean_drone_segments/Drone_Noise_Test_-_DJI_Avata_vs_DJI_FPV_vs_DJI_Mavic_3_vs_DJI_Air_2S_compared_seg_006_0018078_0022078.wav,drone_noise_test_-_dji_avata_vs_dji_fpv_vs_dji_mavic_3_vs_dji_air_2s_compared,train
output_v3/background_pool/jackhammer_fold10_188813_0.wav,jackhammer_jackhammer,augmented,output_v3/train/drone/aug_Drone_Noise_Test_-_DJI_Avata_vs_DJI_FPV_vs_DJI_Mavic_3_vs_DJI_Air_2S_compared_seg_006_0018078_0022078_02_jackhammer_fold10_188813_0.wav,-2.027,output_v3/clean_drone_segments/Drone_Noise_Test_-_DJI_Avata_vs_DJI_FPV_vs_DJI_Mavic_3_vs_DJI_Air_2S_compared_seg_006_0018078_0022078.wav,drone_noise_test_-_dji_avata_vs_dji_fpv_vs_dji_mavic_3_vs_dji_air_2s_compared,train
output_v3/background_pool/air_conditioner_fold9_165454_8.wav,air_conditioner_air,augmented,output_v3/train/drone/aug_Drone_Noise_Test_-_DJI_Avata_vs_DJI_FPV_vs_DJI_Mavic_3_vs_DJI_Air_2S_compared_seg_006_0018078_0022078_03_air_conditioner_fold9_165454_8.wav,4.581,output_v3/clean_drone_segments/Drone_Noise_Test_-_DJI_Avata_vs_DJI_FPV_vs_DJI_Mavic_3_vs_DJI_Air_2S_compared_seg_006_0018078_0022078.wav,drone_noise_test_-_dji_avata_vs_dji_fpv_vs_dji_mavic_3_vs_dji_air_2s_compared,train
,,clean,output_v3/train/drone/clean_Drone_Noise_Test_-_DJI_Avata_vs_DJI_FPV_vs_DJI_Mavic_3_vs_DJI_Air_2S_compared_seg_007_0021828_0025828.wav,,output_v3/clean_drone_segments/Drone_Noise_Test_-_DJI_Avata_vs_DJI_FPV_vs_DJI_Mavic_3_vs_DJI_Air_2S_compared_seg_007_0021828_0025828.wav,drone_noise_test_-_dji_avata_vs_dji_fpv_vs_dji_mavic_3_vs_dji_air_2s_compared,train
output_v3/background_pool/siren_fold3_94636_10.wav,siren_siren,augmented,output_v3/train/drone/aug_Drone_Noise_Test_-_DJI_Avata_vs_DJI_FPV_vs_DJI_Mavic_3_vs_DJI_Air_2S_compared_seg_007_0021828_0025828_00_siren_fold3_94636_10.wav,12.693,output_v3/clean_drone_segments/Drone_Noise_Test_-_DJI_Avata_vs_DJI_FPV_vs_DJI_Mavic_3_vs_DJI_Air_2S_compared_seg_007_0021828_0025828.wav,drone_noise_test_-_dji_avata_vs_dji_fpv_vs_dji_mavic_3_vs_dji_air_2s_compared,train
output_v3/background_pool/drilling_fold2_76086_36.wav,drilling_drilling,augmented,output_v3/train/drone/aug_Drone_Noise_Test_-_DJI_Avata_vs_DJI_FPV_vs_DJI_Mavic_3_vs_DJI_Air_2S_compared_seg_007_0021828_0025828_01_drilling_fold2_76086_36.wav,10.638,output_v3/clean_drone_segments/Drone_Noise_Test_-_DJI_Avata_vs_DJI_FPV_vs_DJI_Mavic_3_vs_DJI_Air_2S_compared_seg_007_0021828_0025828.wav,drone_noise_test_-_dji_avata_vs_dji_fpv_vs_dji_mavic_3_vs_dji_air_2s_compared,train
output_v3/background_pool/drilling_fold2_76086_36.wav,drilling_drilling,augmented,output_v3/train/drone/aug_Drone_Noise_Test_-_DJI_Avata_vs_DJI_FPV_vs_DJI_Mavic_3_vs_DJI_Air_2S_compared_seg_007_0021828_0025828_02_drilling_fold2_76086_36.wav,6.313,output_v3/clean_drone_segments/Drone_Noise_Test_-_DJI_Avata_vs_DJI_FPV_vs_DJI_Mavic_3_vs_DJI_Air_2S_compared_seg_007_0021828_0025828.wav,drone_noise_test_-_dji_avata_vs_dji_fpv_vs_dji_mavic_3_vs_dji_air_2s_compared,train
output_v3/background_pool/engine_idling_fold9_62567_6.wav,engine_idling_engine,augmented,output_v3/train/drone/aug_Drone_Noise_Test_-_DJI_Avata_vs_DJI_FPV_vs_DJI_Mavic_3_vs_DJI_Air_2S_compared_seg_007_0021828_0025828_03_engine_idling_fold9_62567_6.wav,-0.62,output_v3/clean_drone_segments/Drone_Noise_Test_-_DJI_Avata_vs_DJI_FPV_vs_DJI_Mavic_3_vs_DJI_Air_2S_compared_seg_007_0021828_0025828.wav,drone_noise_test_-_dji_avata_vs_dji_fpv_vs_dji_mavic_3_vs_dji_air_2s_compared,train
,,clean,output_v3/train/drone/clean_Drone_Noise_Test_-_DJI_Avata_vs_DJI_FPV_vs_DJI_Mavic_3_vs_DJI_Air_2S_compared_seg_008_0025578_0029578.wav,,output_v3/clean_drone_segments/Drone_Noise_Test_-_DJI_Avata_vs_DJI_FPV_vs_DJI_Mavic_3_vs_DJI_Air_2S_compared_seg_008_0025578_0029578.wav,drone_noise_test_-_dji_avata_vs_dji_fpv_vs_dji_mavic_3_vs_dji_air_2s_compared,train
output_v3/background_pool/siren_fold2_102871_5.wav,siren_siren,augmented,output_v3/train/drone/aug_Drone_Noise_Test_-_DJI_Avata_vs_DJI_FPV_vs_DJI_Mavic_3_vs_DJI_Air_2S_compared_seg_008_0025578_0029578_00_siren_fold2_102871_5.wav,5.589,output_v3/clean_drone_segments/Drone_Noise_Test_-_DJI_Avata_vs_DJI_FPV_vs_DJI_Mavic_3_vs_DJI_Air_2S_compared_seg_008_0025578_0029578.wav,drone_noise_test_-_dji_avata_vs_dji_fpv_vs_dji_mavic_3_vs_dji_air_2s_compared,train
output_v3/background_pool/engine_idling_fold7_194962_1.wav,engine_idling_engine,augmented,output_v3/train/drone/aug_Drone_Noise_Test_-_DJI_Avata_vs_DJI_FPV_vs_DJI_Mavic_3_vs_DJI_Air_2S_compared_seg_008_0025578_0029578_01_engine_idling_fold7_194962_1.wav,8.137,output_v3/clean_drone_segments/Drone_Noise_Test_-_DJI_Avata_vs_DJI_FPV_vs_DJI_Mavic_3_vs_DJI_Air_2S_compared_seg_008_0025578_0029578.wav,drone_noise_test_-_dji_avata_vs_dji_fpv_vs_dji_mavic_3_vs_dji_air_2s_compared,train
output_v3/background_pool/siren_fold9_157866_8.wav,siren_siren,augmented,output_v3/train/drone/aug_Drone_Noise_Test_-_DJI_Avata_vs_DJI_FPV_vs_DJI_Mavic_3_vs_DJI_Air_2S_compared_seg_008_0025578_0029578_02_siren_fold9_157866_8.wav,6.514,output_v3/clean_drone_segments/Drone_Noise_Test_-_DJI_Avata_vs_DJI_FPV_vs_DJI_Mavic_3_vs_DJI_Air_2S_compared_seg_008_0025578_0029578.wav,drone_noise_test_-_dji_avata_vs_dji_fpv_vs_dji_mavic_3_vs_dji_air_2s_compared,train
output_v3/background_pool/engine_idling_fold9_119449_5.wav,engine_idling_engine,augmented,output_v3/train/drone/aug_Drone_Noise_Test_-_DJI_Avata_vs_DJI_FPV_vs_DJI_Mavic_3_vs_DJI_Air_2S_compared_seg_008_0025578_0029578_03_engine_idling_fold9_119449_5.wav,11.904,output_v3/clean_drone_segments/Drone_Noise_Test_-_DJI_Avata_vs_DJI_FPV_vs_DJI_Mavic_3_vs_DJI_Air_2S_compared_seg_008_0025578_0029578.wav,drone_noise_test_-_dji_avata_vs_dji_fpv_vs_dji_mavic_3_vs_dji_air_2s_compared,train
,,clean,output_v3/train/drone/clean_Drone_Noise_Test_-_DJI_Avata_vs_DJI_FPV_vs_DJI_Mavic_3_vs_DJI_Air_2S_compared_seg_009_0029328_0033328.wav,,output_v3/clean_drone_segments/Drone_Noise_Test_-_DJI_Avata_vs_DJI_FPV_vs_DJI_Mavic_3_vs_DJI_Air_2S_compared_seg_009_0029328_0033328.wav,drone_noise_test_-_dji_avata_vs_dji_fpv_vs_dji_mavic_3_vs_dji_air_2s_compared,train
output_v3/background_pool/siren_fold10_159742_13.wav,siren_siren,augmented,output_v3/train/drone/aug_Drone_Noise_Test_-_DJI_Avata_vs_DJI_FPV_vs_DJI_Mavic_3_vs_DJI_Air_2S_compared_seg_009_0029328_0033328_00_siren_fold10_159742_13.wav,9.011,output_v3/clean_drone_segments/Drone_Noise_Test_-_DJI_Avata_vs_DJI_FPV_vs_DJI_Mavic_3_vs_DJI_Air_2S_compared_seg_009_0029328_0033328.wav,drone_noise_test_-_dji_avata_vs_dji_fpv_vs_dji_mavic_3_vs_dji_air_2s_compared,train
output_v3/background_pool/drilling_fold6_58005_24.wav,drilling_drilling,augmented,output_v3/train/drone/aug_Drone_Noise_Test_-_DJI_Avata_vs_DJI_FPV_vs_DJI_Mavic_3_vs_DJI_Air_2S_compared_seg_009_0029328_0033328_01_drilling_fold6_58005_24.wav,14.76,output_v3/clean_drone_segments/Drone_Noise_Test_-_DJI_Avata_vs_DJI_FPV_vs_DJI_Mavic_3_vs_DJI_Air_2S_compared_seg_009_0029328_0033328.wav,drone_noise_test_-_dji_avata_vs_dji_fpv_vs_dji_mavic_3_vs_dji_air_2s_compared,train
output_v3/background_pool/engine_idling_fold5_23219_9.wav,engine_idling_engine,augmented,output_v3/train/drone/aug_Drone_Noise_Test_-_DJI_Avata_vs_DJI_FPV_vs_DJI_Mavic_3_vs_DJI_Air_2S_compared_seg_009_0029328_0033328_02_engine_idling_fold5_23219_9.wav,-3.877,output_v3/clean_drone_segments/Drone_Noise_Test_-_DJI_Avata_vs_DJI_FPV_vs_DJI_Mavic_3_vs_DJI_Air_2S_compared_seg_009_0029328_0033328.wav,drone_noise_test_-_dji_avata_vs_dji_fpv_vs_dji_mavic_3_vs_dji_air_2s_compared,train
output_v3/background_pool/air_conditioner_fold5_100852_24.wav,air_conditioner_air,augmented,output_v3/train/drone/aug_Drone_Noise_Test_-_DJI_Avata_vs_DJI_FPV_vs_DJI_Mavic_3_vs_DJI_Air_2S_compared_seg_009_0029328_0033328_03_air_conditioner_fold5_100852_24.wav,7.283,output_v3/clean_drone_segments/Drone_Noise_Test_-_DJI_Avata_vs_DJI_FPV_vs_DJI_Mavic_3_vs_DJI_Air_2S_compared_seg_009_0029328_0033328.wav,drone_noise_test_-_dji_avata_vs_dji_fpv_vs_dji_mavic_3_vs_dji_air_2s_compared,train
,,clean,output_v3/train/drone/clean_Drone_Noise_Test_-_DJI_Avata_vs_DJI_FPV_vs_DJI_Mavic_3_vs_DJI_Air_2S_compared_seg_010_0033078_0037078.wav,,output_v3/clean_drone_segments/Drone_Noise_Test_-_DJI_Avata_vs_DJI_FPV_vs_DJI_Mavic_3_vs_DJI_Air_2S_compared_seg_010_0033078_0037078.wav,drone_noise_test_-_dji_avata_vs_dji_fpv_vs_dji_mavic_3_vs_dji_air_2s_compared,train
output_v3/background_pool/siren_fold8_133473_5.wav,siren_siren,augmented,output_v3/train/drone/aug_Drone_Noise_Test_-_DJI_Avata_vs_DJI_FPV_vs_DJI_Mavic_3_vs_DJI_Air_2S_compared_seg_010_0033078_0037078_00_siren_fold8_133473_5.wav,11.886,output_v3/clean_drone_segments/Drone_Noise_Test_-_DJI_Avata_vs_DJI_FPV_vs_DJI_Mavic_3_vs_DJI_Air_2S_compared_seg_010_0033078_0037078.wav,drone_noise_test_-_dji_avata_vs_dji_fpv_vs_dji_mavic_3_vs_dji_air_2s_compared,train
output_v3/background_pool/air_conditioner_fold5_100852_24.wav,air_conditioner_air,augmented,output_v3/train/drone/aug_Drone_Noise_Test_-_DJI_Avata_vs_DJI_FPV_vs_DJI_Mavic_3_vs_DJI_Air_2S_compared_seg_010_0033078_0037078_01_air_conditioner_fold5_100852_24.wav,-2.167,output_v3/clean_drone_segments/Drone_Noise_Test_-_DJI_Avata_vs_DJI_FPV_vs_DJI_Mavic_3_vs_DJI_Air_2S_compared_seg_010_0033078_0037078.wav,drone_noise_test_-_dji_avata_vs_dji_fpv_vs_dji_mavic_3_vs_dji_air_2s_compared,train
output_v3/background_pool/siren_fold10_159742_12.wav,siren_siren,augmented,output_v3/train/drone/aug_Drone_Noise_Test_-_DJI_Avata_vs_DJI_FPV_vs_DJI_Mavic_3_vs_DJI_Air_2S_compared_seg_010_0033078_0037078_02_siren_fold10_159742_12.wav,2.472,output_v3/clean_drone_segments/Drone_Noise_Test_-_DJI_Avata_vs_DJI_FPV_vs_DJI_Mavic_3_vs_DJI_Air_2S_compared_seg_010_0033078_0037078.wav,drone_noise_test_-_dji_avata_vs_dji_fpv_vs_dji_mavic_3_vs_dji_air_2s_compared,train
output_v3/background_pool/air_conditioner_fold9_101729_23.wav,air_conditioner_air,augmented,output_v3/train/drone/aug_Drone_Noise_Test_-_DJI_Avata_vs_DJI_FPV_vs_DJI_Mavic_3_vs_DJI_Air_2S_compared_seg_010_0033078_0037078_03_air_conditioner_fold9_101729_23.wav,1.452,output_v3/clean_drone_segments/Drone_Noise_Test_-_DJI_Avata_vs_DJI_FPV_vs_DJI_Mavic_3_vs_DJI_Air_2S_compared_seg_010_0033078_0037078.wav,drone_noise_test_-_dji_avata_vs_dji_fpv_vs_dji_mavic_3_vs_dji_air_2s_compared,train
,,clean,output_v3/train/drone/clean_Drone_Noise_Test_-_DJI_Avata_vs_DJI_FPV_vs_DJI_Mavic_3_vs_DJI_Air_2S_compared_seg_011_0036828_0040828.wav,,output_v3/clean_drone_segments/Drone_Noise_Test_-_DJI_Avata_vs_DJI_FPV_vs_DJI_Mavic_3_vs_DJI_Air_2S_compared_seg_011_0036828_0040828.wav,drone_noise_test_-_dji_avata_vs_dji_fpv_vs_dji_mavic_3_vs_dji_air_2s_compared,train
output_v3/background_pool/siren_fold9_157866_20.wav,siren_siren,augmented,output_v3/train/drone/aug_Drone_Noise_Test_-_DJI_Avata_vs_DJI_FPV_vs_DJI_Mavic_3_vs_DJI_Air_2S_compared_seg_011_0036828_0040828_00_siren_fold9_157866_20.wav,7.984,output_v3/clean_drone_segments/Drone_Noise_Test_-_DJI_Avata_vs_DJI_FPV_vs_DJI_Mavic_3_vs_DJI_Air_2S_compared_seg_011_0036828_0040828.wav,drone_noise_test_-_dji_avata_vs_dji_fpv_vs_dji_mavic_3_vs_dji_air_2s_compared,train
output_v3/background_pool/air_conditioner_fold1_57320_13.wav,air_conditioner_air,augmented,output_v3/train/drone/aug_Drone_Noise_Test_-_DJI_Avata_vs_DJI_FPV_vs_DJI_Mavic_3_vs_DJI_Air_2S_compared_seg_011_0036828_0040828_01_air_conditioner_fold1_57320_13.wav,10.74,output_v3/clean_drone_segments/Drone_Noise_Test_-_DJI_Avata_vs_DJI_FPV_vs_DJI_Mavic_3_vs_DJI_Air_2S_compared_seg_011_0036828_0040828.wav,drone_noise_test_-_dji_avata_vs_dji_fpv_vs_dji_mavic_3_vs_dji_air_2s_compared,train
output_v3/background_pool/air_conditioner_fold3_177742_203.wav,air_conditioner_air,augmented,output_v3/train/drone/aug_Drone_Noise_Test_-_DJI_Avata_vs_DJI_FPV_vs_DJI_Mavic_3_vs_DJI_Air_2S_compared_seg_011_0036828_0040828_02_air_conditioner_fold3_177742_203.wav,0.89,output_v3/clean_drone_segments/Drone_Noise_Test_-_DJI_Avata_vs_DJI_FPV_vs_DJI_Mavic_3_vs_DJI_Air_2S_compared_seg_011_0036828_0040828.wav,drone_noise_test_-_dji_avata_vs_dji_fpv_vs_dji_mavic_3_vs_dji_air_2s_compared,train
output_v3/background_pool/drilling_fold6_66623_4.wav,drilling_drilling,augmented,output_v3/train/drone/aug_Drone_Noise_Test_-_DJI_Avata_vs_DJI_FPV_vs_DJI_Mavic_3_vs_DJI_Air_2S_compared_seg_011_0036828_0040828_03_drilling_fold6_66623_4.wav,2.832,output_v3/clean_drone_segments/Drone_Noise_Test_-_DJI_Avata_vs_DJI_FPV_vs_DJI_Mavic_3_vs_DJI_Air_2S_compared_seg_011_0036828_0040828.wav,drone_noise_test_-_dji_avata_vs_dji_fpv_vs_dji_mavic_3_vs_dji_air_2s_compared,train
,,clean,output_v3/train/drone/clean_Drone_Noise_Test_-_DJI_Avata_vs_DJI_FPV_vs_DJI_Mavic_3_vs_DJI_Air_2S_compared_seg_012_0040578_0044578.wav,,output_v3/clean_drone_segments/Drone_Noise_Test_-_DJI_Avata_vs_DJI_FPV_vs_DJI_Mavic_3_vs_DJI_Air_2S_compared_seg_012_0040578_0044578.wav,drone_noise_test_-_dji_avata_vs_dji_fpv_vs_dji_mavic_3_vs_dji_air_2s_compared,train
output_v3/background_pool/siren_fold2_159750_5.wav,siren_siren,augmented,output_v3/train/drone/aug_Drone_Noise_Test_-_DJI_Avata_vs_DJI_FPV_vs_DJI_Mavic_3_vs_DJI_Air_2S_compared_seg_012_0040578_0044578_00_siren_fold2_159750_5.wav,13.421,output_v3/clean_drone_segments/Drone_Noise_Test_-_DJI_Avata_vs_DJI_FPV_vs_DJI_Mavic_3_vs_DJI_Air_2S_compared_seg_012_0040578_0044578.wav,drone_noise_test_-_dji_avata_vs_dji_fpv_vs_dji_mavic_3_vs_dji_air_2s_compared,train
output_v3/background_pool/jackhammer_fold1_180937_30.wav,jackhammer_jackhammer,augmented,output_v3/train/drone/aug_Drone_Noise_Test_-_DJI_Avata_vs_DJI_FPV_vs_DJI_Mavic_3_vs_DJI_Air_2S_compared_seg_012_0040578_0044578_01_jackhammer_fold1_180937_30.wav,4.924,output_v3/clean_drone_segments/Drone_Noise_Test_-_DJI_Avata_vs_DJI_FPV_vs_DJI_Mavic_3_vs_DJI_Air_2S_compared_seg_012_0040578_0044578.wav,drone_noise_test_-_dji_avata_vs_dji_fpv_vs_dji_mavic_3_vs_dji_air_2s_compared,train
output_v3/background_pool/siren_fold3_94636_3.wav,siren_siren,augmented,output_v3/train/drone/aug_Drone_Noise_Test_-_DJI_Avata_vs_DJI_FPV_vs_DJI_Mavic_3_vs_DJI_Air_2S_compared_seg_012_0040578_0044578_02_siren_fold3_94636_3.wav,-1.642,output_v3/clean_drone_segments/Drone_Noise_Test_-_DJI_Avata_vs_DJI_FPV_vs_DJI_Mavic_3_vs_DJI_Air_2S_compared_seg_012_0040578_0044578.wav,drone_noise_test_-_dji_avata_vs_dji_fpv_vs_dji_mavic_3_vs_dji_air_2s_compared,train
output_v3/background_pool/engine_idling_fold8_113202_10.wav,engine_idling_engine,augmented,output_v3/train/drone/aug_Drone_Noise_Test_-_DJI_Avata_vs_DJI_FPV_vs_DJI_Mavic_3_vs_DJI_Air_2S_compared_seg_012_0040578_0044578_03_engine_idling_fold8_113202_10.wav,9.586,output_v3/clean_drone_segments/Drone_Noise_Test_-_DJI_Avata_vs_DJI_FPV_vs_DJI_Mavic_3_vs_DJI_Air_2S_compared_seg_012_0040578_0044578.wav,drone_noise_test_-_dji_avata_vs_dji_fpv_vs_dji_mavic_3_vs_dji_air_2s_compared,train
,,clean,output_v3/train/drone/clean_Drone_Noise_Test_-_DJI_Avata_vs_DJI_FPV_vs_DJI_Mavic_3_vs_DJI_Air_2S_compared_seg_013_0044328_0048328.wav,,output_v3/clean_drone_segments/Drone_Noise_Test_-_DJI_Avata_vs_DJI_FPV_vs_DJI_Mavic_3_vs_DJI_Air_2S_compared_seg_013_0044328_0048328.wav,drone_noise_test_-_dji_avata_vs_dji_fpv_vs_dji_mavic_3_vs_dji_air_2s_compared,train
output_v3/background_pool/engine_idling_fold2_201652_3.wav,engine_idling_engine,augmented,output_v3/train/drone/aug_Drone_Noise_Test_-_DJI_Avata_vs_DJI_FPV_vs_DJI_Mavic_3_vs_DJI_Air_2S_compared_seg_013_0044328_0048328_00_engine_idling_fold2_201652_3.wav,-3.644,output_v3/clean_drone_segments/Drone_Noise_Test_-_DJI_Avata_vs_DJI_FPV_vs_DJI_Mavic_3_vs_DJI_Air_2S_compared_seg_013_0044328_0048328.wav,drone_noise_test_-_dji_avata_vs_dji_fpv_vs_dji_mavic_3_vs_dji_air_2s_compared,train
output_v3/background_pool/air_conditioner_fold7_177729_83.wav,air_conditioner_air,augmented,output_v3/train/drone/aug_Drone_Noise_Test_-_DJI_Avata_vs_DJI_FPV_vs_DJI_Mavic_3_vs_DJI_Air_2S_compared_seg_013_0044328_0048328_01_air_conditioner_fold7_177729_83.wav,3.764,output_v3/clean_drone_segments/Drone_Noise_Test_-_DJI_Avata_vs_DJI_FPV_vs_DJI_Mavic_3_vs_DJI_Air_2S_compared_seg_013_0044328_0048328.wav,drone_noise_test_-_dji_avata_vs_dji_fpv_vs_dji_mavic_3_vs_dji_air_2s_compared,train
output_v3/background_pool/jackhammer_fold9_105029_14.wav,jackhammer_jackhammer,augmented,output_v3/train/drone/aug_Drone_Noise_Test_-_DJI_Avata_vs_DJI_FPV_vs_DJI_Mavic_3_vs_DJI_Air_2S_compared_seg_013_0044328_0048328_02_jackhammer_fold9_105029_14.wav,2.574,output_v3/clean_drone_segments/Drone_Noise_Test_-_DJI_Avata_vs_DJI_FPV_vs_DJI_Mavic_3_vs_DJI_Air_2S_compared_seg_013_0044328_0048328.wav,drone_noise_test_-_dji_avata_vs_dji_fpv_vs_dji_mavic_3_vs_dji_air_2s_compared,train
output_v3/background_pool/engine_idling_fold10_15544_14.wav,engine_idling_engine,augmented,output_v3/train/drone/aug_Drone_Noise_Test_-_DJI_Avata_vs_DJI_FPV_vs_DJI_Mavic_3_vs_DJI_Air_2S_compared_seg_013_0044328_0048328_03_engine_idling_fold10_15544_14.wav,6.561,output_v3/clean_drone_segments/Drone_Noise_Test_-_DJI_Avata_vs_DJI_FPV_vs_DJI_Mavic_3_vs_DJI_Air_2S_compared_seg_013_0044328_0048328.wav,drone_noise_test_-_dji_avata_vs_dji_fpv_vs_dji_mavic_3_vs_dji_air_2s_compared,train
,,clean,output_v3/train/drone/clean_Drone_Noise_Test_-_DJI_Avata_vs_DJI_FPV_vs_DJI_Mavic_3_vs_DJI_Air_2S_compared_seg_014_0048078_0052078.wav,,output_v3/clean_drone_segments/Drone_Noise_Test_-_DJI_Avata_vs_DJI_FPV_vs_DJI_Mavic_3_vs_DJI_Air_2S_compared_seg_014_0048078_0052078.wav,drone_noise_test_-_dji_avata_vs_dji_fpv_vs_dji_mavic_3_vs_dji_air_2s_compared,train
output_v3/background_pool/jackhammer_fold3_31884_2.wav,jackhammer_jackhammer,augmented,output_v3/train/drone/aug_Drone_Noise_Test_-_DJI_Avata_vs_DJI_FPV_vs_DJI_Mavic_3_vs_DJI_Air_2S_compared_seg_014_0048078_0052078_00_jackhammer_fold3_31884_2.wav,11.915,output_v3/clean_drone_segments/Drone_Noise_Test_-_DJI_Avata_vs_DJI_FPV_vs_DJI_Mavic_3_vs_DJI_Air_2S_compared_seg_014_0048078_0052078.wav,drone_noise_test_-_dji_avata_vs_dji_fpv_vs_dji_mavic_3_vs_dji_air_2s_compared,train
output_v3/background_pool/siren_fold10_159742_13.wav,siren_siren,augmented,output_v3/train/drone/aug_Drone_Noise_Test_-_DJI_Avata_vs_DJI_FPV_vs_DJI_Mavic_3_vs_DJI_Air_2S_compared_seg_014_0048078_0052078_01_siren_fold10_159742_13.wav,1.836,output_v3/clean_drone_segments/Drone_Noise_Test_-_DJI_Avata_vs_DJI_FPV_vs_DJI_Mavic_3_vs_DJI_Air_2S_compared_seg_014_0048078_0052078.wav,drone_noise_test_-_dji_avata_vs_dji_fpv_vs_dji_mavic_3_vs_dji_air_2s_compared,train
output_v3/background_pool/engine_idling_fold6_39884_7.wav,engine_idling_engine,augmented,output_v3/train/drone/aug_Drone_Noise_Test_-_DJI_Avata_vs_DJI_FPV_vs_DJI_Mavic_3_vs_DJI_Air_2S_compared_seg_014_0048078_0052078_02_engine_idling_fold6_39884_7.wav,12.962,output_v3/clean_drone_segments/Drone_Noise_Test_-_DJI_Avata_vs_DJI_FPV_vs_DJI_Mavic_3_vs_DJI_Air_2S_compared_seg_014_0048078_0052078.wav,drone_noise_test_-_dji_avata_vs_dji_fpv_vs_dji_mavic_3_vs_dji_air_2s_compared,train
output_v3/background_pool/drilling_fold7_71529_2.wav,drilling_drilling,augmented,output_v3/train/drone/aug_Drone_Noise_Test_-_DJI_Avata_vs_DJI_FPV_vs_DJI_Mavic_3_vs_DJI_Air_2S_compared_seg_014_0048078_0052078_03_drilling_fold7_71529_2.wav,8.073,output_v3/clean_drone_segments/Drone_Noise_Test_-_DJI_Avata_vs_DJI_FPV_vs_DJI_Mavic_3_vs_DJI_Air_2S_compared_seg_014_0048078_0052078.wav,drone_noise_test_-_dji_avata_vs_dji_fpv_vs_dji_mavic_3_vs_dji_air_2s_compared,train
,,clean,output_v3/train/drone/clean_Drone_Noise_Test_-_DJI_Avata_vs_DJI_FPV_vs_DJI_Mavic_3_vs_DJI_Air_2S_compared_seg_015_0051828_0055828.wav,,output_v3/clean_drone_segments/Drone_Noise_Test_-_DJI_Avata_vs_DJI_FPV_vs_DJI_Mavic_3_vs_DJI_Air_2S_compared_seg_015_0051828_0055828.wav,drone_noise_test_-_dji_avata_vs_dji_fpv_vs_dji_mavic_3_vs_dji_air_2s_compared,train
output_v3/background_pool/siren_fold9_157866_20.wav,siren_siren,augmented,output_v3/train/drone/aug_Drone_Noise_Test_-_DJI_Avata_vs_DJI_FPV_vs_DJI_Mavic_3_vs_DJI_Air_2S_compared_seg_015_0051828_0055828_00_siren_fold9_157866_20.wav,-0.889,output_v3/clean_drone_segments/Drone_Noise_Test_-_DJI_Avata_vs_DJI_FPV_vs_DJI_Mavic_3_vs_DJI_Air_2S_compared_seg_015_0051828_0055828.wav,drone_noise_test_-_dji_avata_vs_dji_fpv_vs_dji_mavic_3_vs_dji_air_2s_compared,train
output_v3/background_pool/us8k_siren_siren_fold2_102871_0.wav,us8k_siren,augmented,output_v3/train/drone/aug_Drone_Noise_Test_-_DJI_Avata_vs_DJI_FPV_vs_DJI_Mavic_3_vs_DJI_Air_2S_compared_seg_015_0051828_0055828_01_us8k_siren_siren_fold2_102871_0.wav,0.305,output_v3/clean_drone_segments/Drone_Noise_Test_-_DJI_Avata_vs_DJI_FPV_vs_DJI_Mavic_3_vs_DJI_Air_2S_compared_seg_015_0051828_0055828.wav,drone_noise_test_-_dji_avata_vs_dji_fpv_vs_dji_mavic_3_vs_dji_air_2s_compared,train
output_v3/background_pool/drilling_fold4_144351_3.wav,drilling_drilling,augmented,output_v3/train/drone/aug_Drone_Noise_Test_-_DJI_Avata_vs_DJI_FPV_vs_DJI_Mavic_3_vs_DJI_Air_2S_compared_seg_015_0051828_0055828_02_drilling_fold4_144351_3.wav,5.993,output_v3/clean_drone_segments/Drone_Noise_Test_-_DJI_Avata_vs_DJI_FPV_vs_DJI_Mavic_3_vs_DJI_Air_2S_compared_seg_015_0051828_0055828.wav,drone_noise_test_-_dji_avata_vs_dji_fpv_vs_dji_mavic_3_vs_dji_air_2s_compared,train
output_v3/background_pool/engine_idling_fold10_39847_5.wav,engine_idling_engine,augmented,output_v3/train/drone/aug_Drone_Noise_Test_-_DJI_Avata_vs_DJI_FPV_vs_DJI_Mavic_3_vs_DJI_Air_2S_compared_seg_015_0051828_0055828_03_engine_idling_fold10_39847_5.wav,0.891,output_v3/clean_drone_segments/Drone_Noise_Test_-_DJI_Avata_vs_DJI_FPV_vs_DJI_Mavic_3_vs_DJI_Air_2S_compared_seg_015_0051828_0055828.wav,drone_noise_test_-_dji_avata_vs_dji_fpv_vs_dji_mavic_3_vs_dji_air_2s_compared,train
,,clean,output_v3/train/drone/clean_Drone_Noise_Test_-_DJI_Avata_vs_DJI_FPV_vs_DJI_Mavic_3_vs_DJI_Air_2S_compared_seg_016_0055578_0059466.wav,,output_v3/clean_drone_segments/Drone_Noise_Test_-_DJI_Avata_vs_DJI_FPV_vs_DJI_Mavic_3_vs_DJI_Air_2S_compared_seg_016_0055578_0059466.wav,drone_noise_test_-_dji_avata_vs_dji_fpv_vs_dji_mavic_3_vs_dji_air_2s_compared,train
output_v3/background_pool/drilling_fold10_99192_28.wav,drilling_drilling,augmented,output_v3/train/drone/aug_Drone_Noise_Test_-_DJI_Avata_vs_DJI_FPV_vs_DJI_Mavic_3_vs_DJI_Air_2S_compared_seg_016_0055578_0059466_00_drilling_fold10_99192_28.wav,7.764,output_v3/clean_drone_segments/Drone_Noise_Test_-_DJI_Avata_vs_DJI_FPV_vs_DJI_Mavic_3_vs_DJI_Air_2S_compared_seg_016_0055578_0059466.wav,drone_noise_test_-_dji_avata_vs_dji_fpv_vs_dji_mavic_3_vs_dji_air_2s_compared,train
output_v3/background_pool/siren_fold8_117181_6.wav,siren_siren,augmented,output_v3/train/drone/aug_Drone_Noise_Test_-_DJI_Avata_vs_DJI_FPV_vs_DJI_Mavic_3_vs_DJI_Air_2S_compared_seg_016_0055578_0059466_01_siren_fold8_117181_6.wav,4.782,output_v3/clean_drone_segments/Drone_Noise_Test_-_DJI_Avata_vs_DJI_FPV_vs_DJI_Mavic_3_vs_DJI_Air_2S_compared_seg_016_0055578_0059466.wav,drone_noise_test_-_dji_avata_vs_dji_fpv_vs_dji_mavic_3_vs_dji_air_2s_compared,train
output_v3/background_pool/siren_fold8_157868_12.wav,siren_siren,augmented,output_v3/train/drone/aug_Drone_Noise_Test_-_DJI_Avata_vs_DJI_FPV_vs_DJI_Mavic_3_vs_DJI_Air_2S_compared_seg_016_0055578_0059466_02_siren_fold8_157868_12.wav,2.629,output_v3/clean_drone_segments/Drone_Noise_Test_-_DJI_Avata_vs_DJI_FPV_vs_DJI_Mavic_3_vs_DJI_Air_2S_compared_seg_016_0055578_0059466.wav,drone_noise_test_-_dji_avata_vs_dji_fpv_vs_dji_mavic_3_vs_dji_air_2s_compared,train
output_v3/background_pool/siren_fold6_124389_1.wav,siren_siren,augmented,output_v3/train/drone/aug_Drone_Noise_Test_-_DJI_Avata_vs_DJI_FPV_vs_DJI_Mavic_3_vs_DJI_Air_2S_compared_seg_016_0055578_0059466_03_siren_fold6_124389_1.wav,11.742,output_v3/clean_drone_segments/Drone_Noise_Test_-_DJI_Avata_vs_DJI_FPV_vs_DJI_Mavic_3_vs_DJI_Air_2S_compared_seg_016_0055578_0059466.wav,drone_noise_test_-_dji_avata_vs_dji_fpv_vs_dji_mavic_3_vs_dji_air_2s_compared,train
